fy,month,year,ministry,allocated,designated
2021-2022,Oct,2021,International Mission Board,8438109.99,2484771.25
2021-2022,Oct,2021,North American Mission Board,3814809.08,1436373.37
2021-2022,Oct,2021,Gateway Seminary,314346.03,3350.11
2021-2022,Oct,2021,Midwestern Seminary,672671.89,5467.55
2021-2022,Oct,2021,New Orleans Seminary,582206.97,4715.79
2021-2022,Oct,2021,Southeastern Seminary,618975.89,5294.3
2021-2022,Oct,2021,Southern Seminary,895343.18,6981.09
2021-2022,Oct,2021,Southwestern Seminary,585636.17,5239.17
2021-2022,Oct,2021,Historical Library and Archives,40173.51,205.27
2021-2022,Oct,2021,Ethics & Religious Liberty Comm,276192.84,565.54
2021-2022,Oct,2021,GuideStone Financial Resources,0.0,7047.15
2021-2022,Oct,2021,SBC Executive Comm and SBC Operating,500494.92,18449.65
2021-2022,Oct,2021,SBC Executive Comm - Vision 2025,16667.0,0.0
2021-2022,Nov,2021,International Mission Board,8286176.17,2420509.08
2021-2022,Nov,2021,North American Mission Board,3746120.9,1241888.02
2021-2022,Nov,2021,Gateway Seminary,308686.02,2920.31
2021-2022,Nov,2021,Midwestern Seminary,660559.97,5082.18
2021-2022,Nov,2021,New Orleans Seminary,571723.95,4532.2
2021-2022,Nov,2021,Southeastern Seminary,607830.82,5049.4
2021-2022,Nov,2021,Southern Seminary,879221.93,7700.82
2021-2022,Nov,2021,Southwestern Seminary,575091.39,4741.22
2021-2022,Nov,2021,Historical Library and Archives,39450.15,242.3
2021-2022,Nov,2021,Ethics & Religious Liberty Comm,271219.8,306.07
2021-2022,Nov,2021,GuideStone Financial Resources,0.0,1637.64
2021-2022,Nov,2021,SBC Executive Comm and SBC Operating,491483.17,26980.32
2021-2022,Nov,2021,SBC Executive Comm - Vision 2025,16667.0,0.0
2021-2022,Dec,2021,International Mission Board,8487608.7,3841686.68
2021-2022,Dec,2021,North American Mission Board,3837187.09,1228101.3
2021-2022,Dec,2021,Gateway Seminary,316190.02,2904.88
2021-2022,Dec,2021,Midwestern Seminary,676617.84,4299.47
2021-2022,Dec,2021,New Orleans Seminary,585622.26,4712.3
2021-2022,Dec,2021,Southeastern Seminary,622606.87,7373.92
2021-2022,Dec,2021,Southern Seminary,900595.35,6085.11
2021-2022,Dec,2021,Southwestern Seminary,589071.57,9734.71
2021-2022,Dec,2021,Historical Library and Archives,40409.16,190.04
2021-2022,Dec,2021,Ethics & Religious Liberty Comm,277813.02,1885.95
2021-2022,Dec,2021,GuideStone Financial Resources,0.0,4754.28
2021-2022,Dec,2021,SBC Executive Comm and SBC Operating,503430.86,18670.27
2021-2022,Dec,2021,SBC Executive Comm - Vision 2025,16667.0,0.0
2021-2022,Jan,2022,International Mission Board,10635739.57,24884620.06
2021-2022,Jan,2022,North American Mission Board,4808341.7,2608337.89
2021-2022,Jan,2022,Gateway Seminary,396214.63,3628.59
2021-2022,Jan,2022,Midwestern Seminary,847863.21,6097.7
2021-2022,Jan,2022,New Orleans Seminary,733837.51,5413.24
2021-2022,Jan,2022,Southeastern Seminary,780182.58,6451.67
2021-2022,Jan,2022,Southern Seminary,1128527.24,8726.33
2021-2022,Jan,2022,Southwestern Seminary,738159.83,5758.37
2021-2022,Jan,2022,Historical Library and Archives,50636.33,248.51
2021-2022,Jan,2022,Ethics & Religious Liberty Comm,348124.78,1146.8
2021-2022,Jan,2022,GuideStone Financial Resources,0.0,20859.85
2021-2022,Jan,2022,SBC Executive Comm and SBC Operating,630844.31,40531.13
2021-2022,Jan,2022,SBC Executive Comm - Vision 2025,16667.0,0.0
2021-2022,Feb,2022,International Mission Board,9418454.53,51228282.35
2021-2022,Feb,2022,North American Mission Board,4258015.85,2870768.07
2021-2022,Feb,2022,Gateway Seminary,350866.94,3114.8
2021-2022,Feb,2022,Midwestern Seminary,750823.29,6152.65
2021-2022,Feb,2022,New Orleans Seminary,649848.12,5048.82
2021-2022,Feb,2022,Southeastern Seminary,690888.87,5769.51
2021-2022,Feb,2022,Southern Seminary,999364.68,8108.56
2021-2022,Feb,2022,Southwestern Seminary,653675.72,5136.44
2021-2022,Feb,2022,Historical Library and Archives,44840.89,215.17
2021-2022,Feb,2022,Ethics & Religious Liberty Comm,308281.1,3050.11
2021-2022,Feb,2022,GuideStone Financial Resources,0.0,5613.26
2021-2022,Feb,2022,SBC Executive Comm and SBC Operating,558642.72,27948.06
2021-2022,Feb,2022,SBC Executive Comm - Vision 2025,16667.0,0.0
2021-2022,Mar,2022,International Mission Board,8075091.85,27292378.9
2021-2022,Mar,2022,North American Mission Board,3650691.21,2042329.22
2021-2022,Mar,2022,Gateway Seminary,300822.47,3048.37
2021-2022,Mar,2022,Midwestern Seminary,643732.7,7052.8
2021-2022,Mar,2022,New Orleans Seminary,557159.69,4575.67
2021-2022,Mar,2022,Southeastern Seminary,592346.77,5395.28
2021-2022,Mar,2022,Southern Seminary,856824.38,8437.9
2021-2022,Mar,2022,Southwestern Seminary,560441.36,4678.95
2021-2022,Mar,2022,Historical Library and Archives,38445.19,181.88
2021-2022,Mar,2022,Ethics & Religious Liberty Comm,264310.69,450.96
2021-2022,Mar,2022,GuideStone Financial Resources,0.0,1126.73
2021-2022,Mar,2022,SBC Executive Comm and SBC Operating,478963.0,28926.43
2021-2022,Mar,2022,SBC Executive Comm - Vision 2025,16667.0,0.0
2021-2022,Apr,2022,International Mission Board,7803585.12,13372619.63
2021-2022,Apr,2022,North American Mission Board,3527944.96,3232484.92
2021-2022,Apr,2022,Gateway Seminary,290708.0,3099.05
2021-2022,Apr,2022,Midwestern Seminary,622088.63,5857.9
2021-2022,Apr,2022,New Orleans Seminary,538426.46,5105.8
2021-2022,Apr,2022,Southeastern Seminary,572430.45,5470.47
2021-2022,Apr,2022,Southern Seminary,828015.61,8122.92
2021-2022,Apr,2022,Southwestern Seminary,541597.79,14588.97
2021-2022,Apr,2022,Historical Library and Archives,37152.56,212.07
2021-2022,Apr,2022,Ethics & Religious Liberty Comm,255423.84,478.51
2021-2022,Apr,2022,GuideStone Financial Resources,0.0,1085.82
2021-2022,Apr,2022,SBC Executive Comm and SBC Operating,462858.94,36698.11
2021-2022,Apr,2022,SBC Executive Comm - Vision 2025,16667.0,0.0
2021-2022,May,2022,International Mission Board,8318440.94,5155960.86
2021-2022,May,2022,North American Mission Board,3760707.59,11525969.2
2021-2022,May,2022,Gateway Seminary,309888.0,2384.11
2021-2022,May,2022,Midwestern Seminary,663132.07,4249.23
2021-2022,May,2022,New Orleans Seminary,573950.12,3056.35
2021-2022,May,2022,Southeastern Seminary,610197.6,3726.77
2021-2022,May,2022,Southern Seminary,882645.45,5725.74
2021-2022,May,2022,Southwestern Seminary,577330.7,3429.49
2021-2022,May,2022,Historical Library and Archives,39603.76,124.94
2021-2022,May,2022,Ethics & Religious Liberty Comm,272275.89,452.64
2021-2022,May,2022,GuideStone Financial Resources,0.0,3509.27
2021-2022,May,2022,SBC Executive Comm and SBC Operating,493396.91,58818.39
2021-2022,May,2022,SBC Executive Comm - Vision 2025,16667.0,0.0
2020-2021,Oct,2020,International Mission Board,8080903.94,3390718.96
2020-2021,Oct,2020,North American Mission Board,3653318.77,1628393.56
2020-2021,Oct,2020,Gateway Seminary,312140.87,2233.82
2020-2021,Oct,2020,Midwestern Seminary,607823.3,2228.84
2020-2021,Oct,2020,New Orleans Seminary,563177.79,3547.78
2020-2021,Oct,2020,Southeastern Seminary,601296.76,5063.84
2020-2021,Oct,2020,Southern Seminary,847036.78,5788.47
2020-2021,Oct,2020,Southwestern Seminary,582379.18,54153.91
2020-2021,Oct,2020,Historical Library and Archives,38472.86,166.35
2020-2021,Oct,2020,Ethics & Religious Liberty Comm,264500.96,2268.85
2020-2021,Oct,2020,GuideStone Financial Resources,0.0,9220.03
2020-2021,Oct,2020,SBC Executive Comm and SBC Operating,479307.78,24765.67
2020-2021,Oct,2020,SBC Executive Comm - Vision 2025,16667.0,0.0
2020-2021,Nov,2020,International Mission Board,7905482.03,2704167.81
2020-2021,Nov,2020,North American Mission Board,3574011.78,1384225.1
2020-2021,Nov,2020,Gateway Seminary,305364.85,1455.7
2020-2021,Nov,2020,Midwestern Seminary,594628.55,2304.5
2020-2021,Nov,2020,New Orleans Seminary,550952.2,2154.36
2020-2021,Nov,2020,Southeastern Seminary,588243.69,2469.09
2020-2021,Nov,2020,Southern Seminary,828649.14,3266.5
2020-2021,Nov,2020,Southwestern Seminary,569736.77,2380.86
2020-2021,Nov,2020,Historical Library and Archives,37637.69,122.72
2020-2021,Nov,2020,Ethics & Religious Liberty Comm,258759.13,422.48
2020-2021,Nov,2020,GuideStone Financial Resources,0.0,4065.6
2020-2021,Nov,2020,SBC Executive Comm and SBC Operating,468902.86,42611.4
2020-2021,Nov,2020,SBC Executive Comm - Vision 2025,16667.0,0.0
2020-2021,Dec,2020,International Mission Board,6925456.5,2824896.76
2020-2021,Dec,2020,North American Mission Board,3130949.27,1024087.98
2020-2021,Dec,2020,Gateway Seminary,267509.43,830.44
2020-2021,Dec,2020,Midwestern Seminary,520913.73,2885.54
2020-2021,Dec,2020,New Orleans Seminary,482651.86,1338.38
2020-2021,Dec,2020,Southeastern Seminary,515320.4,4148.48
2020-2021,Dec,2020,Southern Seminary,725923.29,1596.8
2020-2021,Dec,2020,Southwestern Seminary,499107.74,7155.08
2020-2021,Dec,2020,Historical Library and Archives,32971.83,-7.57
2020-2021,Dec,2020,Ethics & Religious Liberty Comm,226681.31,996.91
2020-2021,Dec,2020,GuideStone Financial Resources,0.0,1199.87
2020-2021,Dec,2020,SBC Executive Comm and SBC Operating,410773.98,20086.03
2020-2021,Dec,2020,SBC Executive Comm - Vision 2025,16667.0,0.0
2020-2021,Jan,2021,International Mission Board,9722290.96,21111522.94
2020-2021,Jan,2021,North American Mission Board,4395378.07,2363280.27
2020-2021,Jan,2021,Gateway Seminary,375542.68,3296.88
2020-2021,Jan,2021,Midwestern Seminary,731283.89,6073.93
2020-2021,Jan,2021,New Orleans Seminary,677570.03,5511.57
2020-2021,Jan,2021,Southeastern Seminary,723431.7,6024.33
2020-2021,Jan,2021,Southern Seminary,1019086.23,8579.13
2020-2021,Jan,2021,Southwestern Seminary,700671.59,5680.81
2020-2021,Jan,2021,Historical Library and Archives,46287.44,266.75
2020-2021,Jan,2021,Ethics & Religious Liberty Comm,318226.2,705.55
2020-2021,Jan,2021,GuideStone Financial Resources,0.0,5184.42
2020-2021,Jan,2021,SBC Executive Comm and SBC Operating,576664.41,34847.28
2020-2021,Jan,2021,SBC Executive Comm - Vision 2025,16667.0,0.0
2020-2021,Feb,2021,International Mission Board,7792679.17,45768822.26
2020-2021,Feb,2021,North American Mission Board,3523014.43,2573764.81
2020-2021,Feb,2021,Gateway Seminary,301007.61,1939.75
2020-2021,Feb,2021,Midwestern Seminary,586143.82,2993.53
2020-2021,Feb,2021,New Orleans Seminary,543090.72,2938.31
2020-2021,Feb,2021,Southeastern Seminary,579850.09,3555.34
2020-2021,Feb,2021,Southern Seminary,816825.2,5071.54
2020-2021,Feb,2021,Southwestern Seminary,561607.24,3201.61
2020-2021,Feb,2021,Historical Library and Archives,37100.63,134.38
2020-2021,Feb,2021,Ethics & Religious Liberty Comm,255066.9,107.2
2020-2021,Feb,2021,GuideStone Financial Resources,0.0,1396.27
2020-2021,Feb,2021,SBC Executive Comm and SBC Operating,462212.11,18099.27
2020-2021,Feb,2021,SBC Executive Comm - Vision 2025,16667.0,0.0
2020-2021,Mar,2021,International Mission Board,7942962.09,26390262.15
2020-2021,Mar,2021,North American Mission Board,3590956.26,1632894.7
2020-2021,Mar,2021,Gateway Seminary,306812.59,2665.23
2020-2021,Mar,2021,Midwestern Seminary,597447.69,4732.97
2020-2021,Mar,2021,New Orleans Seminary,553564.29,4284.51
2020-2021,Mar,2021,Southeastern Seminary,591032.57,5045.51
2020-2021,Mar,2021,Southern Seminary,832577.79,7496.7
2020-2021,Mar,2021,Southwestern Seminary,572437.92,13778.14
2020-2021,Mar,2021,Historical Library and Archives,37816.13,231.98
2020-2021,Mar,2021,Ethics & Religious Liberty Comm,259985.91,3570.48
2020-2021,Mar,2021,GuideStone Financial Resources,0.0,1301.99
2020-2021,Mar,2021,SBC Executive Comm and SBC Operating,471125.94,291191.69
2020-2021,Mar,2021,SBC Executive Comm - Vision 2025,16667.0,0.0
2020-2021,Apr,2021,International Mission Board,7974850.52,10860229.17
2020-2021,Apr,2021,North American Mission Board,3605372.81,3270804.83
2020-2021,Apr,2021,Gateway Seminary,308044.34,2200.11
2020-2021,Apr,2021,Midwestern Seminary,599846.26,3553.21
2020-2021,Apr,2021,New Orleans Seminary,555786.68,3175.89
2020-2021,Apr,2021,Southeastern Seminary,593405.38,4065.84
2020-2021,Apr,2021,Southern Seminary,835920.32,5943.62
2020-2021,Apr,2021,Southwestern Seminary,574736.08,3699.06
2020-2021,Apr,2021,Historical Library and Archives,37967.95,157.21
2020-2021,Apr,2021,Ethics & Religious Liberty Comm,261029.67,1315.55
2020-2021,Apr,2021,GuideStone Financial Resources,0.0,982.09
2020-2021,Apr,2021,SBC Executive Comm and SBC Operating,473017.37,39631.35
2020-2021,Apr,2021,SBC Executive Comm - Vision 2025,16667.0,0.0
2020-2021,May,2021,International Mission Board,8551769.74,5308596.22
2020-2021,May,2021,North American Mission Board,3866193.81,16634174.79
2020-2021,May,2021,Gateway Seminary,330328.98,2809.74
2020-2021,May,2021,Midwestern Seminary,643240.52,4501.81
2020-2021,May,2021,New Orleans Seminary,595993.57,4040.77
2020-2021,May,2021,Southeastern Seminary,636333.69,4755.89
2020-2021,May,2021,Southern Seminary,896392.73,6096.49
2020-2021,May,2021,Southwestern Seminary,616313.81,4261.16
2020-2021,May,2021,Historical Library and Archives,40714.64,216.0
2020-2021,May,2021,Ethics & Religious Liberty Comm,279913.15,275.4
2020-2021,May,2021,GuideStone Financial Resources,0.0,1252.66
2020-2021,May,2021,SBC Executive Comm and SBC Operating,507236.54,21415.88
2020-2021,May,2021,SBC Executive Comm - Vision 2025,16667.0,0.0
2020-2021,Jun,2021,International Mission Board,8780586.58,2007461.91
2020-2021,Jun,2021,North American Mission Board,3969640.29,19363742.32
2020-2021,Jun,2021,Gateway Seminary,339167.5,2512.77
2020-2021,Jun,2021,Midwestern Seminary,660451.49,4195.52
2020-2021,Jun,2021,New Orleans Seminary,611940.37,3739.91
2020-2021,Jun,2021,Southeastern Seminary,653359.87,4251.98
2020-2021,Jun,2021,Southern Seminary,920377.21,5718.56
2020-2021,Jun,2021,Southwestern Seminary,632804.31,9147.11
2020-2021,Jun,2021,Historical Library and Archives,41804.03,199.33
2020-2021,Jun,2021,Ethics & Religious Liberty Comm,287402.71,439.14
2020-2021,Jun,2021,GuideStone Financial Resources,0.0,1031.14
2020-2021,Jun,2021,SBC Executive Comm and SBC Operating,520808.5,1513899.04
2020-2021,Jun,2021,SBC Executive Comm - Vision 2025,16667.0,0.0
2020-2021,Jul,2021,International Mission Board,7926533.08,2791214.25
2020-2021,Jul,2021,North American Mission Board,3583528.82,6399151.91
2020-2021,Jul,2021,Gateway Seminary,306177.99,3427.69
2020-2021,Jul,2021,Midwestern Seminary,596211.96,5322.95
2020-2021,Jul,2021,New Orleans Seminary,552419.31,5052.35
2020-2021,Jul,2021,Southeastern Seminary,589810.09,5971.93
2020-2021,Jul,2021,Southern Seminary,830855.7,8680.65
2020-2021,Jul,2021,Southwestern Seminary,571253.91,5991.47
2020-2021,Jul,2021,Historical Library and Archives,37737.89,235.24
2020-2021,Jul,2021,Ethics & Religious Liberty Comm,259448.15,671.31
2020-2021,Jul,2021,GuideStone Financial Resources,0.0,1635.58
2020-2021,Jul,2021,SBC Executive Comm and SBC Operating,470151.48,50797.05
2020-2021,Jul,2021,SBC Executive Comm - Vision 2025,16667.0,0.0
2020-2021,Aug,2021,International Mission Board,8495624.32,3794886.19
2020-2021,Aug,2021,North American Mission Board,3840810.9,3195680.23
2020-2021,Aug,2021,Gateway Seminary,328160.25,1957.09
2020-2021,Aug,2021,Midwestern Seminary,639017.43,3227.4
2020-2021,Aug,2021,New Orleans Seminary,592080.65,2840.81
2020-2021,Aug,2021,Southeastern Seminary,632155.95,4396.61
2020-2021,Aug,2021,Southern Seminary,890507.6,4468.14
2020-2021,Aug,2021,Southwestern Seminary,612267.49,3058.67
2020-2021,Aug,2021,Historical Library and Archives,40447.33,153.93
2020-2021,Aug,2021,Ethics & Religious Liberty Comm,278075.43,1097.56
2020-2021,Aug,2021,GuideStone Financial Resources,0.0,9911.78
2020-2021,Aug,2021,SBC Executive Comm and SBC Operating,503906.35,22884.41
2020-2021,Aug,2021,SBC Executive Comm - Vision 2025,16667.0,0.0
2019-2020,Oct,2019,International Mission Board,7666177.1,2224593.81
2019-2020,Oct,2019,North American Mission Board,3465823.77,1575227.12
2019-2020,Oct,2019,Gateway Seminary,296923.71,881.19
2019-2020,Oct,2019,Midwestern Seminary,535902.22,1428.07
2019-2020,Oct,2019,New Orleans Seminary,544270.08,1186.36
2019-2020,Oct,2019,Southeastern Seminary,579487.05,1867.16
2019-2020,Oct,2019,Southern Seminary,803691.49,3558.9
2019-2020,Oct,2019,Southwestern Seminary,573242.63,7588.93
2019-2020,Oct,2019,Historical Library and Archives,36498.37,49.44
2019-2020,Oct,2019,Ethics & Religious Liberty Comm,250926.25,686.15
2019-2020,Oct,2019,GuideStone Financial Resources,0.0,1806.97
2019-2020,Oct,2019,Executive Committee and SBC Operating,454708.77,34378.98
2019-2020,Oct,2019,Miscellaneous,0.0,0.0
2019-2020,Nov,2019,International Mission Board,8753013.49,2665965.31
2019-2020,Nov,2019,North American Mission Board,3957174.72,1255964.37
2019-2020,Nov,2019,Gateway Seminary,339018.68,4746.83
2019-2020,Nov,2019,Midwestern Seminary,611877.27,7525.17
2019-2020,Nov,2019,New Orleans Seminary,621431.42,8117.93
2019-2020,Nov,2019,Southeastern Seminary,661641.12,9601.01
2019-2020,Nov,2019,Southern Seminary,917631.09,12696.01
2019-2020,Nov,2019,Southwestern Seminary,654511.43,8900.66
2019-2020,Nov,2019,Historical Library and Archives,41672.75,479.4
2019-2020,Nov,2019,Ethics & Religious Liberty Comm,286500.14,434.93
2019-2020,Nov,2019,GuideStone Financial Resources,0.0,2987.71
2019-2020,Nov,2019,Executive Committee and SBC Operating,519172.98,26778.83
2019-2020,Nov,2019,Miscellaneous,0.0,0.0
2019-2020,Dec,2019,International Mission Board,7531262.24,2520414.12
2019-2020,Dec,2019,North American Mission Board,3404829.73,819682.97
2019-2020,Dec,2019,Gateway Seminary,291698.24,1277.13
2019-2020,Dec,2019,Midwestern Seminary,526471.05,1776.49
2019-2020,Dec,2019,New Orleans Seminary,534691.62,2024.7
2019-2020,Dec,2019,Southeastern Seminary,569288.83,4736.98
2019-2020,Dec,2019,Southern Seminary,789547.56,3783.08
2019-2020,Dec,2019,Southwestern Seminary,563154.29,8786.08
2019-2020,Dec,2019,Historical Library and Archives,35856.04,112.14
2019-2020,Dec,2019,Ethics & Religious Liberty Comm,246510.28,559.8
2019-2020,Dec,2019,GuideStone Financial Resources,0.0,4560.33
2019-2020,Dec,2019,Executive Committee and SBC Operating,446706.49,45639.42
2019-2020,Dec,2019,Miscellaneous,0.0,0.0
2019-2020,Jan,2020,International Mission Board,9551924.61,20786750.58
2019-2020,Jan,2020,North American Mission Board,4318356.71,2419206.73
2019-2020,Jan,2020,Gateway Seminary,369961.82,2197.78
2019-2020,Jan,2020,Midwestern Seminary,667724.96,3674.71
2019-2020,Jan,2020,New Orleans Seminary,678151.15,3510.32
2019-2020,Jan,2020,Southeastern Seminary,722030.89,5206.0
2019-2020,Jan,2020,Southern Seminary,1001385.76,6504.74
2019-2020,Jan,2020,Southwestern Seminary,714250.44,4479.74
2019-2020,Jan,2020,Historical Library and Archives,45476.34,148.46
2019-2020,Jan,2020,Ethics & Religious Liberty Comm,312649.79,1226.98
2019-2020,Jan,2020,GuideStone Financial Resources,0.0,5162.63
2019-2020,Jan,2020,Executive Committee and SBC Operating,566559.32,41613.22
2019-2020,Jan,2020,Miscellaneous,0.0,0.0
2019-2020,Feb,2020,International Mission Board,9844690.77,53159735.58
2019-2020,Feb,2020,North American Mission Board,4450714.2,2856648.16
2019-2020,Feb,2020,Gateway Seminary,381301.14,1711.96
2019-2020,Feb,2020,Midwestern Seminary,688190.7,2367.58
2019-2020,Feb,2020,New Orleans Seminary,698936.45,2658.45
2019-2020,Feb,2020,Southeastern Seminary,744161.1,3135.41
2019-2020,Feb,2020,Southern Seminary,1032078.19,3656.62
2019-2020,Feb,2020,Southwestern Seminary,736142.19,3602.32
2019-2020,Feb,2020,Historical Library and Archives,46870.19,89.51
2019-2020,Feb,2020,Ethics & Religious Liberty Comm,322232.48,269.79
2019-2020,Feb,2020,GuideStone Financial Resources,0.0,6101.15
2019-2020,Feb,2020,Executive Committee and SBC Operating,583924.32,137699.2
2019-2020,Feb,2020,Miscellaneous,0.0,0.0
2019-2020,Mar,2020,International Mission Board,7636943.6,23744060.71
2019-2020,Mar,2020,North American Mission Board,3452607.52,1415999.92
2019-2020,Mar,2020,Gateway Seminary,295791.44,1081.01
2019-2020,Mar,2020,Midwestern Seminary,533858.68,1401.72
2019-2020,Mar,2020,New Orleans Seminary,542194.62,1526.53
2019-2020,Mar,2020,Southeastern Seminary,577277.29,2148.94
2019-2020,Mar,2020,Southern Seminary,800626.76,2569.46
2019-2020,Mar,2020,Southwestern Seminary,571056.69,2097.75
2019-2020,Mar,2020,Historical Library and Archives,36359.18,44.26
2019-2020,Mar,2020,Ethics & Religious Liberty Comm,249969.4,720.32
2019-2020,Mar,2020,GuideStone Financial Resources,0.0,1991.38
2019-2020,Mar,2020,Executive Committee and SBC Operating,452974.83,45189.61
2019-2020,Mar,2020,Miscellaneous,0.0,0.0
2019-2020,Apr,2020,International Mission Board,7140992.35,7516449.05
2019-2020,Apr,2020,North American Mission Board,3228391.5,2241853.57
2019-2020,Apr,2020,Gateway Seminary,276582.43,1346.01
2019-2020,Apr,2020,Midwestern Seminary,499189.33,1729.09
2019-2020,Apr,2020,New Orleans Seminary,506983.91,1933.13
2019-2020,Apr,2020,Southeastern Seminary,539788.3,2597.17
2019-2020,Apr,2020,Southern Seminary,748633.21,2694.3
2019-2020,Apr,2020,Southwestern Seminary,533971.65,10878.7
2019-2020,Apr,2020,Historical Library and Archives,33997.98,83.36
2019-2020,Apr,2020,Ethics & Religious Liberty Comm,233736.11,375.18
2019-2020,Apr,2020,GuideStone Financial Resources,0.0,1217.31
2019-2020,Apr,2020,SBC Executive Committee and SBC Operating,423558.16,375293.97
2019-2020,Apr,2020,Miscellaneous,0.0,0.0
2019-2020,May,2020,International Mission Board,7461861.62,5058491.68
2019-2020,May,2020,North American Mission Board,3373454.2,8154512.84
2019-2020,May,2020,Gateway Seminary,289010.23,1340.8
2019-2020,May,2020,Midwestern Seminary,521619.61,2131.86
2019-2020,May,2020,New Orleans Seminary,529764.44,2259.84
2019-2020,May,2020,Southeastern Seminary,564042.83,3579.17
2019-2020,May,2020,Southern Seminary,782271.87,3999.7
2019-2020,May,2020,Southwestern Seminary,557964.83,2493.71
2019-2020,May,2020,Historical Library and Archives,35525.63,70.71
2019-2020,May,2020,Ethics & Religious Liberty Comm,244238.68,1432.54
2019-2020,May,2020,GuideStone Financial Resources,0.0,1639.64
2019-2020,May,2020,SBC Executive Committee and SBC Operating,442590.08,34180.51
2019-2020,May,2020,Miscellaneous,0.0,0.0
2019-2020,Jun,2020,International Mission Board,7615187.05,3377863.34
2019-2020,Jun,2020,North American Mission Board,3442771.53,11052305.72
2019-2020,Jun,2020,Gateway Seminary,294948.77,1134.16
2019-2020,Jun,2020,Midwestern Seminary,532337.78,1472.3
2019-2020,Jun,2020,New Orleans Seminary,540649.99,1586.81
2019-2020,Jun,2020,Southeastern Seminary,575632.71,2109.09
2019-2020,Jun,2020,Southern Seminary,798345.9,3330.23
2019-2020,Jun,2020,Southwestern Seminary,569429.82,7189.06
2019-2020,Jun,2020,Historical Library and Archives,36255.6,68.16
2019-2020,Jun,2020,Ethics & Religious Liberty Comm,249257.27,465.45
2019-2020,Jun,2020,GuideStone Financial Resources,0.0,1134.44
2019-2020,Jun,2020,SBC Executive Committee and SBC Operating,451684.37,26743.55
2019-2020,Jun,2020,Miscellaneous,0.0,0.0
2019-2020,Jul,2020,International Mission Board,8461608.83,2251823.17
2019-2020,Jul,2020,North American Mission Board,3825432.77,7180096.14
2019-2020,Jul,2020,Gateway Seminary,327732.09,1593.78
2019-2020,Jul,2020,Midwestern Seminary,591506.71,1889.98
2019-2020,Jul,2020,New Orleans Seminary,600742.78,2250.1
2019-2020,Jul,2020,Southeastern Seminary,639613.81,3689.48
2019-2020,Jul,2020,Southern Seminary,887081.39,4262.57
2019-2020,Jul,2020,Southwestern Seminary,632721.47,3277.5
2019-2020,Jul,2020,Historical Library and Archives,40285.38,79.54
2019-2020,Jul,2020,Ethics & Religious Liberty Comm,276962.01,1719.9
2019-2020,Jul,2020,GuideStone Financial Resources,0.0,1163.49
2019-2020,Jul,2020,SBC Executive Committee and SBC Operating,501888.73,38122.42
2019-2020,Jul,2020,Miscellaneous,0.0,0.0
2019-2020,Aug,2020,International Mission Board,8105226.81,2391096.13
2019-2020,Aug,2020,North American Mission Board,3664315.0,3731644.23
2019-2020,Aug,2020,Gateway Seminary,313928.83,1446.01
2019-2020,Aug,2020,Midwestern Seminary,566593.9,1824.72
2019-2020,Aug,2020,New Orleans Seminary,575440.98,2031.11
2019-2020,Aug,2020,Southeastern Seminary,612674.87,2431.75
2019-2020,Aug,2020,Southern Seminary,849719.72,3701.08
2019-2020,Aug,2020,Southwestern Seminary,606072.82,2268.93
2019-2020,Aug,2020,Historical Library and Archives,38588.67,85.3
2019-2020,Aug,2020,Ethics & Religious Liberty Comm,265297.04,481.17
2019-2020,Aug,2020,GuideStone Financial Resources,0.0,3260.52
2019-2020,Aug,2020,SBC Executive Committee and SBC Operating,480750.41,33006.52
2019-2020,Aug,2020,Miscellaneous,0.0,0.0
2019-2020,Sep,2020,International Mission Board,7472430.54,2347398.31
2019-2020,Sep,2020,North American Mission Board,3378232.35,2309460.31
2019-2020,Sep,2020,Gateway Seminary,289498.93,1412.33
2019-2020,Sep,2020,Midwestern Seminary,522062.24,1781.74
2019-2020,Sep,2020,New Orleans Seminary,530583.23,1832.59
2019-2020,Sep,2020,Southeastern Seminary,564949.99,2520.42
2019-2020,Sep,2020,Southern Seminary,783324.76,3577.7
2019-2020,Sep,2020,Southwestern Seminary,558850.42,7789.94
2019-2020,Sep,2020,Historical Library and Archives,35575.95,76.22
2019-2020,Sep,2020,Ethics & Religious Liberty Comm,244584.61,707.45
2019-2020,Sep,2020,GuideStone Financial Resources,0.0,1339.06
2019-2020,Sep,2020,SBC Executive Committee and SBC Operating,443216.97,33385.38
2019-2020,Sep,2020,Miscellaneous,0.0,0.0
2018-2019,Oct,2018,International Mission Board,7286582.68,2139446.32
2018-2019,Oct,2018,North American Mission Board,3294211.85,1166787.32
2018-2019,Oct,2018,Gateway Seminary,291451.24,778.05
2018-2019,Oct,2018,Midwestern Seminary,467151.16,1579.48
2018-2019,Oct,2018,New Orleans Seminary,524940.43,1072.68
2018-2019,Oct,2018,Southeastern Seminary,563121.08,1639.99
2018-2019,Oct,2018,Southern Seminary,760537.38,2275.43
2018-2019,Oct,2018,Southwestern Seminary,561255.23,1892.19
2018-2019,Oct,2018,Historical Library and Archives,34691.14,48.7
2018-2019,Oct,2018,Ethics & Religious Liberty Comm,238501.52,291.78
2018-2019,Oct,2018,GuideStone Financial Resources,0.0,1764.72
2018-2019,Oct,2018,Executive Committee and SBC Operating,432193.65,24881.95
2018-2019,Oct,2018,Miscellaneous,0.0,0.0
2018-2019,Nov,2018,International Mission Board,8610671.24,2010510.47
2018-2019,Nov,2018,North American Mission Board,3892822.83,1081326.61
2018-2019,Nov,2018,Gateway Seminary,344412.58,957.75
2018-2019,Nov,2018,Midwestern Seminary,552039.98,1289.3
2018-2019,Nov,2018,New Orleans Seminary,620330.49,1371.62
2018-2019,Nov,2018,Southeastern Seminary,665449.19,2265.37
2018-2019,Nov,2018,Southern Seminary,898739.18,3474.16
2018-2019,Nov,2018,Southwestern Seminary,663244.3,7757.14
2018-2019,Nov,2018,Historical Library and Archives,40995.07,56.43
2018-2019,Nov,2018,Ethics & Religious Liberty Comm,281841.06,818.49
2018-2019,Nov,2018,GuideStone Financial Resources,0.0,1958.42
2018-2019,Nov,2018,Executive Committee and SBC Operating,510730.16,24740.44
2018-2019,Nov,2018,Miscellaneous,0.0,0.0
2018-2019,Dec,2018,International Mission Board,7450265.94,2817597.85
2018-2019,Dec,2018,North American Mission Board,3368211.88,890100.82
2018-2019,Dec,2018,Gateway Seminary,297998.29,1151.56
2018-2019,Dec,2018,Midwestern Seminary,477645.07,1667.92
2018-2019,Dec,2018,New Orleans Seminary,536732.5,1723.07
2018-2019,Dec,2018,Southeastern Seminary,575770.84,4376.01
2018-2019,Dec,2018,Southern Seminary,777621.83,5487.99
2018-2019,Dec,2018,Southwestern Seminary,573863.07,2590.91
2018-2019,Dec,2018,Historical Library and Archives,35470.42,91.35
2018-2019,Dec,2018,Ethics & Religious Liberty Comm,243859.13,927.01
2018-2019,Dec,2018,GuideStone Financial Resources,0.0,6815.26
2018-2019,Dec,2018,Executive Committee and SBC Operating,441902.3,20593.89
2018-2019,Dec,2018,Miscellaneous,0.0,0.0
2018-2019,Jan,2019,International Mission Board,9191463.21,20253480.96
2018-2019,Jan,2019,North American Mission Board,4155394.67,2250663.97
2018-2019,Jan,2019,Gateway Seminary,367643.3,1056.91
2018-2019,Jan,2019,Midwestern Seminary,589275.22,1945.63
2018-2019,Jan,2019,New Orleans Seminary,662171.93,1418.43
2018-2019,Jan,2019,Southeastern Seminary,710333.89,2331.26
2018-2019,Jan,2019,Southern Seminary,959359.35,4019.07
2018-2019,Jan,2019,Southwestern Seminary,707980.27,2889.74
2018-2019,Jan,2019,Historical Library and Archives,43760.19,33.93
2018-2019,Jan,2019,Ethics & Religious Liberty Comm,300851.31,696.36
2018-2019,Jan,2019,GuideStone Financial Resources,0.0,5061.89
2018-2019,Jan,2019,Executive Committee and SBC Operating,545179.03,24300.23
2018-2019,Jan,2019,Miscellaneous,0.0,0.0
2018-2019,Feb,2019,International Mission Board,10647158.26,54662720.76
2018-2019,Feb,2019,North American Mission Board,4813503.99,2522909.66
2018-2019,Feb,2019,Gateway Seminary,425868.69,631.01
2018-2019,Feb,2019,Midwestern Seminary,682601.49,1018.9
2018-2019,Feb,2019,New Orleans Seminary,767043.19,732.87
2018-2019,Feb,2019,Southeastern Seminary,822832.8,1219.07
2018-2019,Feb,2019,Southern Seminary,1111297.59,1344.37
2018-2019,Feb,2019,Southwestern Seminary,820106.44,1623.22
2018-2019,Feb,2019,Historical Library and Archives,50690.7,45.39
2018-2019,Feb,2019,Ethics & Religious Liberty Comm,348498.53,172.69
2018-2019,Feb,2019,GuideStone Financial Resources,0.0,2019.05
2018-2019,Feb,2019,Executive Committee and SBC Operating,631521.58,369376.05
2018-2019,Feb,2019,Miscellaneous,0.0,0.0
2018-2019,Mar,2019,International Mission Board,7595066.24,24087605.58
2018-2019,Mar,2019,North American Mission Board,3433675.06,1553265.97
2018-2019,Mar,2019,Gateway Seminary,303790.06,796.19
2018-2019,Mar,2019,Midwestern Seminary,486928.39,929.77
2018-2019,Mar,2019,New Orleans Seminary,547164.21,1315.33
2018-2019,Mar,2019,Southeastern Seminary,586961.28,2273.6
2018-2019,Mar,2019,Southern Seminary,792735.35,3213.13
2018-2019,Mar,2019,Southwestern Seminary,585016.45,1747.4
2018-2019,Mar,2019,Historical Library and Archives,36159.8,53.84
2018-2019,Mar,2019,Ethics & Religious Liberty Comm,248598.69,754.12
2018-2019,Mar,2019,GuideStone Financial Resources,0.0,2801.47
2018-2019,Mar,2019,Executive Committee and SBC Operating,450490.94,29425.59
2018-2019,Mar,2019,Miscellaneous,0.0,0.0
2018-2019,Apr,2019,International Mission Board,7788214.18,9168981.14
2018-2019,Apr,2019,North American Mission Board,3520995.85,3853949.84
2018-2019,Apr,2019,Gateway Seminary,311515.67,957.77
2018-2019,Apr,2019,Midwestern Seminary,499311.33,1145.84
2018-2019,Apr,2019,New Orleans Seminary,561078.99,1535.83
2018-2019,Apr,2019,Southeastern Seminary,601888.12,2308.9
2018-2019,Apr,2019,Southern Seminary,812895.18,2542.82
2018-2019,Apr,2019,Southwestern Seminary,599893.83,2049.0
2018-2019,Apr,2019,Historical Library and Archives,37079.37,49.9
2018-2019,Apr,2019,Ethics & Religious Liberty Comm,254920.72,576.44
2018-2019,Apr,2019,GuideStone Financial Resources,0.0,1927.03
2018-2019,Apr,2019,Executive Committee and SBC Operating,461947.23,54190.91
2018-2019,Apr,2019,Miscellaneous,0.0,0.0
2018-2019,May,2019,International Mission Board,8892063.54,6438696.67
2018-2019,May,2019,North American Mission Board,4020038.25,11475511.38
2018-2019,May,2019,Gateway Seminary,355667.82,973.8
2018-2019,May,2019,Midwestern Seminary,570080.37,1477.7
2018-2019,May,2019,New Orleans Seminary,640602.56,1366.74
2018-2019,May,2019,Southeastern Seminary,687195.72,2421.64
2018-2019,May,2019,Southern Seminary,928109.51,2304.83
2018-2019,May,2019,Southwestern Seminary,684918.78,10728.47
2018-2019,May,2019,Historical Library and Archives,42334.76,61.39
2018-2019,May,2019,Ethics & Religious Liberty Comm,291051.47,1096.37
2018-2019,May,2019,GuideStone Financial Resources,0.0,1685.15
2018-2019,May,2019,Executive Committee and SBC Operating,527420.55,50242.04
2018-2019,May,2019,Miscellaneous,0.0,0.0
2018-2019,Jun,2019,International Mission Board,7941803.32,3168427.1
2018-2019,Jun,2019,North American Mission Board,3590432.4,20298822.37
2018-2019,Jun,2019,Gateway Seminary,317658.97,963.9
2018-2019,Jun,2019,Midwestern Seminary,509158.09,1120.49
2018-2019,Jun,2019,New Orleans Seminary,572143.86,1221.76
2018-2019,Jun,2019,Southeastern Seminary,613757.79,6522.01
2018-2019,Jun,2019,Southern Seminary,828926.05,1846.55
2018-2019,Jun,2019,Southwestern Seminary,611724.16,1717.2
2018-2019,Jun,2019,Historical Library and Archives,37810.6,43.99
2018-2019,Jun,2019,Ethics & Religious Liberty Comm,259947.93,3525.52
2018-2019,Jun,2019,GuideStone Financial Resources,0.0,1506.2
2018-2019,Jun,2019,Executive Committee and SBC Operating,471057.17,42758.98
2018-2019,Jun,2019,Miscellaneous,0.0,0.0
2018-2019,Jul,2019,International Mission Board,7271725.23,2274543.16
2018-2019,Jul,2019,North American Mission Board,3287494.88,8094740.58
2018-2019,Jul,2019,Gateway Seminary,290856.95,1604.91
2018-2019,Jul,2019,Midwestern Seminary,466198.62,2132.56
2018-2019,Jul,2019,New Orleans Seminary,523870.06,2581.94
2018-2019,Jul,2019,Southeastern Seminary,561972.85,3319.98
2018-2019,Jul,2019,Southern Seminary,758986.63,4088.17
2018-2019,Jul,2019,Southwestern Seminary,560110.83,3814.8
2018-2019,Jul,2019,Historical Library and Archives,34620.39,59.74
2018-2019,Jul,2019,Ethics & Religious Liberty Comm,238015.2,1167.58
2018-2019,Jul,2019,GuideStone Financial Resources,0.0,1719.7
2018-2019,Jul,2019,Executive Committee and SBC Operating,431312.4,56253.19
2018-2019,Jul,2019,Miscellaneous,0.0,0.0
2018-2019,Aug,2019,International Mission Board,8805061.5,2583909.33
2018-2019,Aug,2019,North American Mission Board,3980705.26,3596899.06
2018-2019,Aug,2019,Gateway Seminary,352187.88,892.85
2018-2019,Aug,2019,Midwestern Seminary,564502.57,1038.35
2018-2019,Aug,2019,New Orleans Seminary,634334.78,1106.58
2018-2019,Aug,2019,Southeastern Seminary,680472.03,1690.35
2018-2019,Aug,2019,Southern Seminary,919028.68,1775.61
2018-2019,Aug,2019,Southwestern Seminary,678217.37,1470.05
2018-2019,Aug,2019,Historical Library and Archives,41920.54,44.92
2018-2019,Aug,2019,Ethics & Religious Liberty Comm,288203.77,483.64
2018-2019,Aug,2019,GuideStone Financial Resources,0.0,5851.12
2018-2019,Aug,2019,Executive Committee and SBC Operating,522260.15,47909.64
2018-2019,Aug,2019,Miscellaneous,0.0,0.0
2018-2019,Sep,2019,International Mission Board,7774054.32,2386414.31
2018-2019,Sep,2019,North American Mission Board,3477668.28,1919951.71
2018-2019,Sep,2019,Gateway Seminary,307682.32,1245.75
2018-2019,Sep,2019,Midwestern Seminary,493167.05,1589.57
2018-2019,Sep,2019,New Orleans Seminary,554174.65,1852.56
2018-2019,Sep,2019,Southeastern Seminary,594481.6,4515.37
2018-2019,Sep,2019,Southern Seminary,802892.12,5260.48
2018-2019,Sep,2019,Southwestern Seminary,592511.85,8586.54
2018-2019,Sep,2019,Historical Library and Archives,36623.1,44.78
2018-2019,Sep,2019,Ethics & Religious Liberty Comm,251783.8,2295.85
2018-2019,Sep,2019,GuideStone Financial Resources,0.0,4648.41
2018-2019,Sep,2019,Executive Committee and SBC Operating,374584.83,36791.08
2018-2019,Sep,2019,Miscellaneous,0.0,0.0
2017-2018,Oct,2017,International Mission Board,7619290.57,1816319.64
2017-2018,Oct,2017,North American Mission Board,3444626.69,1776860.17
2017-2018,Oct,2017,Gateway Seminary,319092.35,1294.15
2017-2018,Oct,2017,Midwestern Seminary,443084.6,1359.89
2017-2018,Oct,2017,New Orleans Seminary,561627.62,1741.62
2017-2018,Oct,2017,Southeastern Seminary,608669.59,2287.93
2017-2018,Oct,2017,Southern Seminary,782115.76,3317.68
2017-2018,Oct,2017,Southwestern Seminary,598539.39,2515.71
2017-2018,Oct,2017,Historical Library and Archives,36275.15,68.29
2017-2018,Oct,2017,Ethics & Religious Liberty Comm,249391.58,869.91
2017-2018,Oct,2017,GuideStone Financial Resources,0.0,3556.86
2017-2018,Oct,2017,Executive Committee and SBC Operating,451927.78,15564.08
2017-2018,Oct,2017,Miscellaneous,0.0,0.0
2017-2018,Nov,2017,International Mission Board,7597237.98,2292495.64
2017-2018,Nov,2017,North American Mission Board,3434656.87,1209029.41
2017-2018,Nov,2017,Gateway Seminary,318168.8,1008.11
2017-2018,Nov,2017,Midwestern Seminary,441802.18,997.37
2017-2018,Nov,2017,New Orleans Seminary,560002.1,1323.88
2017-2018,Nov,2017,Southeastern Seminary,606907.9,2224.84
2017-2018,Nov,2017,Southern Seminary,779852.06,4942.24
2017-2018,Nov,2017,Southwestern Seminary,596807.04,1934.84
2017-2018,Nov,2017,Historical Library and Archives,36170.14,292.59
2017-2018,Nov,2017,Ethics & Religious Liberty Comm,248669.76,1114.85
2017-2018,Nov,2017,GuideStone Financial Resources,0.0,1882.31
2017-2018,Nov,2017,Executive Committee and SBC Operating,450619.74,15076.16
2017-2018,Nov,2017,Miscellaneous,0.0,0.0
2017-2018,Dec,2017,International Mission Board,8087624.07,3318659.47
2017-2018,Dec,2017,North American Mission Board,3656356.9,1102533.32
2017-2018,Dec,2017,Gateway Seminary,338705.94,1189.63
2017-2018,Dec,2017,Midwestern Seminary,470319.6,1913.9
2017-2018,Dec,2017,New Orleans Seminary,596149.08,1470.28
2017-2018,Dec,2017,Southeastern Seminary,646082.56,11595.79
2017-2018,Dec,2017,Southern Seminary,830189.92,4858.92
2017-2018,Dec,2017,Southwestern Seminary,635329.7,2012.65
2017-2018,Dec,2017,Historical Library and Archives,38504.84,36.26
2017-2018,Dec,2017,Ethics & Religious Liberty Comm,264720.88,1189.69
2017-2018,Dec,2017,GuideStone Financial Resources,0.0,2770.02
2017-2018,Dec,2017,Executive Committee and SBC Operating,479706.32,14052.78
2017-2018,Dec,2017,Miscellaneous,0.0,0.0
2017-2018,Jan,2018,International Mission Board,10252643.08,22864344.33
2017-2018,Jan,2018,North American Mission Board,4635146.53,2152934.92
2017-2018,Jan,2018,Gateway Seminary,429375.93,2095.77
2017-2018,Jan,2018,Midwestern Seminary,596221.95,2553.74
2017-2018,Jan,2018,New Orleans Seminary,755735.4,3063.05
2017-2018,Jan,2018,Southeastern Seminary,819035.84,3820.4
2017-2018,Jan,2018,Southern Seminary,1052427.86,7409.2
2017-2018,Jan,2018,Southwestern Seminary,805404.49,8788.51
2017-2018,Jan,2018,Historical Library and Archives,48812.43,117.14
2017-2018,Jan,2018,Ethics & Religious Liberty Comm,335585.42,1197.07
2017-2018,Jan,2018,GuideStone Financial Resources,0.0,7583.51
2017-2018,Jan,2018,Executive Committee and SBC Operating,608121.47,18876.65
2017-2018,Jan,2018,Miscellaneous,0.0,0.0
2017-2018,Feb,2018,International Mission Board,9428976.85,49764117.37
2017-2018,Feb,2018,North American Mission Board,4262772.91,2429334.56
2017-2018,Feb,2018,Gateway Seminary,394881.17,616.74
2017-2018,Feb,2018,Midwestern Seminary,548323.29,680.48
2017-2018,Feb,2018,New Orleans Seminary,695021.91,704.36
2017-2018,Feb,2018,Southeastern Seminary,753236.98,1568.16
2017-2018,Feb,2018,Southern Seminary,967879.01,3048.79
2017-2018,Feb,2018,Southwestern Seminary,740700.73,2105.06
2017-2018,Feb,2018,Historical Library and Archives,44890.98,28.89
2017-2018,Feb,2018,Ethics & Religious Liberty Comm,308625.5,285.65
2017-2018,Feb,2018,GuideStone Financial Resources,0.0,4072.01
2017-2018,Feb,2018,Executive Committee and SBC Operating,559266.83,62677.76
2017-2018,Feb,2018,Miscellaneous,0.0,0.0
2017-2018,Mar,2018,International Mission Board,7780538.81,27007524.4
2017-2018,Mar,2018,North American Mission Board,3517525.87,1494968.91
2017-2018,Mar,2018,Gateway Seminary,325845.36,970.96
2017-2018,Mar,2018,Midwestern Seminary,452461.67,1319.79
2017-2018,Mar,2018,New Orleans Seminary,573513.44,1383.32
2017-2018,Mar,2018,Southeastern Seminary,621550.96,2077.43
2017-2018,Mar,2018,Southern Seminary,798667.8,4034.15
2017-2018,Mar,2018,Southwestern Seminary,611206.38,1907.49
2017-2018,Mar,2018,Historical Library and Archives,37042.84,50.39
2017-2018,Mar,2018,Ethics & Religious Liberty Comm,254669.49,867.7
2017-2018,Mar,2018,GuideStone Financial Resources,0.0,2205.92
2017-2018,Mar,2018,Executive Committee and SBC Operating,461491.99,376255.73
2017-2018,Mar,2018,Miscellaneous,0.0,0.0
2017-2018,Apr,2018,International Mission Board,8206595.55,10481176.6
2017-2018,Apr,2018,North American Mission Board,3710143.08,4423089.32
2017-2018,Apr,2018,Gateway Seminary,343688.41,1176.65
2017-2018,Apr,2018,Midwestern Seminary,477238.15,1704.76
2017-2018,Apr,2018,New Orleans Seminary,604918.63,1460.77
2017-2018,Apr,2018,Southeastern Seminary,655586.64,16112.19
2017-2018,Apr,2018,Southern Seminary,842402.29,2862.45
2017-2018,Apr,2018,Southwestern Seminary,644675.61,11849.06
2017-2018,Apr,2018,Historical Library and Archives,39071.27,49.54
2017-2018,Apr,2018,Ethics & Religious Liberty Comm,268615.0,2787.14
2017-2018,Apr,2018,GuideStone Financial Resources,0.0,1196.19
2017-2018,Apr,2018,Executive Committee and SBC Operating,486762.96,43727.1
2017-2018,Apr,2018,Miscellaneous,0.0,0.0
2017-2018,May,2018,International Mission Board,7867861.64,4956901.06
2017-2018,May,2018,North American Mission Board,3557003.9,15532578.85
2017-2018,May,2018,Gateway Seminary,329502.39,949.49
2017-2018,May,2018,Midwestern Seminary,457539.75,1294.82
2017-2018,May,2018,New Orleans Seminary,579950.12,1445.49
2017-2018,May,2018,Southeastern Seminary,628526.78,1706.05
2017-2018,May,2018,Southern Seminary,807631.44,3239.07
2017-2018,May,2018,Southwestern Seminary,618066.09,1816.58
2017-2018,May,2018,Historical Library and Archives,37458.57,32.38
2017-2018,May,2018,Ethics & Religious Liberty Comm,257527.72,565.37
2017-2018,May,2018,GuideStone Financial Resources,0.0,1634.59
2017-2018,May,2018,Executive Committee and SBC Operating,466671.42,34386.95
2017-2018,May,2018,Miscellaneous,0.0,0.0
2017-2018,Jun,2018,International Mission Board,8466800.32,4481963.25
2017-2018,Jun,2018,North American Mission Board,3827779.78,17935849.62
2017-2018,Jun,2018,Gateway Seminary,354585.66,1456.89
2017-2018,Jun,2018,Midwestern Seminary,492369.84,1350.81
2017-2018,Jun,2018,New Orleans Seminary,624098.66,1606.71
2017-2018,Jun,2018,Southeastern Seminary,676373.19,2430.09
2017-2018,Jun,2018,Southern Seminary,869112.14,2878.97
2017-2018,Jun,2018,Southwestern Seminary,665116.19,6888.42
2017-2018,Jun,2018,Historical Library and Archives,40310.1,54.81
2017-2018,Jun,2018,Ethics & Religious Liberty Comm,277131.92,706.68
2017-2018,Jun,2018,GuideStone Financial Resources,0.0,2527.82
2017-2018,Jun,2018,Executive Committee and SBC Operating,502196.65,32897.63
2017-2018,Jun,2018,Miscellaneous,0.0,0.0
2017-2018,Jul,2018,International Mission Board,7818397.48,2500912.38
2017-2018,Jul,2018,North American Mission Board,3534641.52,5633472.11
2017-2018,Jul,2018,Gateway Seminary,327430.86,1556.23
2017-2018,Jul,2018,Midwestern Seminary,454663.27,1349.12
2017-2018,Jul,2018,New Orleans Seminary,576304.06,1994.11
2017-2018,Jul,2018,Southeastern Seminary,624575.32,2224.99
2017-2018,Jul,2018,Southern Seminary,802553.97,5572.28
2017-2018,Jul,2018,Southwestern Seminary,614180.4,2770.38
2017-2018,Jul,2018,Historical Library and Archives,37223.08,50.64
2017-2018,Jul,2018,Ethics & Religious Liberty Comm,255908.66,5863.91
2017-2018,Jul,2018,GuideStone Financial Resources,0.0,2027.44
2017-2018,Jul,2018,Executive Committee and SBC Operating,463737.52,40698.03
2017-2018,Jul,2018,Miscellaneous,0.0,0.0
2017-2018,Aug,2018,International Mission Board,7890532.74,2882527.29
2017-2018,Aug,2018,North American Mission Board,3567253.37,3022460.53
2017-2018,Aug,2018,Gateway Seminary,330451.86,1030.5
2017-2018,Aug,2018,Midwestern Seminary,458858.16,1901.46
2017-2018,Aug,2018,New Orleans Seminary,581621.24,1501.67
2017-2018,Aug,2018,Southeastern Seminary,630337.86,3454.1
2017-2018,Aug,2018,Southern Seminary,809958.61,2955.81
2017-2018,Aug,2018,Southwestern Seminary,619847.04,2095.69
2017-2018,Aug,2018,Historical Library and Archives,37566.51,52.67
2017-2018,Aug,2018,Ethics & Religious Liberty Comm,258269.77,1269.42
2017-2018,Aug,2018,GuideStone Financial Resources,0.0,3416.8
2017-2018,Aug,2018,Executive Committee and SBC Operating,468016.13,28985.53
2017-2018,Aug,2018,Miscellaneous,0.0,0.0
2017-2018,Sep,2018,International Mission Board,8331139.16,2612903.46
2017-2018,Sep,2018,North American Mission Board,3701633.89,2119198.26
2017-2018,Sep,2018,Gateway Seminary,342900.16,831.76
2017-2018,Sep,2018,Midwestern Seminary,476143.61,1404.83
2017-2018,Sep,2018,New Orleans Seminary,603531.24,1028.09
2017-2018,Sep,2018,Southeastern Seminary,654083.06,1835.56
2017-2018,Sep,2018,Southern Seminary,840470.24,3290.64
2017-2018,Sep,2018,Southwestern Seminary,643197.04,7102.33
2017-2018,Sep,2018,Historical Library and Archives,38981.67,44.76
2017-2018,Sep,2018,Ethics & Religious Liberty Comm,267998.94,859.48
2017-2018,Sep,2018,GuideStone Financial Resources,0.0,6797.23
2017-2018,Sep,2018,Executive Committee and SBC Operating,342281.21,29790.29
2017-2018,Sep,2018,EC/SBC - SBC Presidential Study on Abuse,250000.0,0.0
2016-2017,Oct,2016,International Mission Board,7722817.04,2233402.52
2016-2017,Oct,2016,North American Mission Board,3491430.28,1249252.45
2016-2017,Oct,2016,Gateway Seminary,329712.88,1127.78
2016-2017,Oct,2016,Midwestern Seminary,406243.71,1078.3
2016-2017,Oct,2016,New Orleans Seminary,585082.78,1956.53
2016-2017,Oct,2016,Southeastern Seminary,639293.64,1913.49
2016-2017,Oct,2016,Southern Seminary,773753.72,3950.77
2016-2017,Oct,2016,Southwestern Seminary,624059.47,2562.55
2016-2017,Oct,2016,Historical Library and Archives,36768.02,62.54
2016-2017,Oct,2016,Ethics & Religious Liberty Comm,252780.16,865.28
2016-2017,Oct,2016,GuideStone Financial Resources,0.0,1380.33
2016-2017,Oct,2016,Executive Committee and SBC Operating,458068.3,21084.38
2016-2017,Oct,2016,Miscellaneous,0.0,0.0
2016-2017,Nov,2016,International Mission Board,7500778.23,2389962.5
2016-2017,Nov,2016,North American Mission Board,3391048.14,986109.26
2016-2017,Nov,2016,Gateway Seminary,320233.31,1817.96
2016-2017,Nov,2016,Midwestern Seminary,394563.79,1749.03
2016-2017,Nov,2016,New Orleans Seminary,568261.05,2146.85
2016-2017,Nov,2016,Southeastern Seminary,620913.31,2660.16
2016-2017,Nov,2016,Southern Seminary,751507.51,5615.46
2016-2017,Nov,2016,Southwestern Seminary,606117.13,3059.4
2016-2017,Nov,2016,Historical Library and Archives,35710.91,48.91
2016-2017,Nov,2016,Ethics & Religious Liberty Comm,245512.49,1143.62
2016-2017,Nov,2016,GuideStone Financial Resources,0.0,396.5
2016-2017,Nov,2016,Executive Committee and SBC Operating,444898.38,25254.5
2016-2017,Nov,2016,Miscellaneous,0.0,0.0
2016-2017,Dec,2016,International Mission Board,7855207.91,2986595.07
2016-2017,Dec,2016,North American Mission Board,3551283.24,919986.77
2016-2017,Dec,2016,Gateway Seminary,335365.08,1293.29
2016-2017,Dec,2016,Midwestern Seminary,413207.86,1246.69
2016-2017,Dec,2016,New Orleans Seminary,595112.75,1836.19
2016-2017,Dec,2016,Southeastern Seminary,650252.94,6155.66
2016-2017,Dec,2016,Southern Seminary,787018.04,3600.26
2016-2017,Dec,2016,Southwestern Seminary,634757.61,3610.56
2016-2017,Dec,2016,Historical Library and Archives,37398.34,53.25
2016-2017,Dec,2016,Ethics & Religious Liberty Comm,257113.52,503.69
2016-2017,Dec,2016,GuideStone Financial Resources,0.0,931.63
2016-2017,Dec,2016,Executive Committee and SBC Operating,465920.88,21378.43
2016-2017,Dec,2016,Miscellaneous,0.0,0.0
2016-2017,Jan,2017,International Mission Board,9667818.41,24259483.94
2016-2017,Jan,2017,North American Mission Board,4370751.48,2028577.76
2016-2017,Jan,2017,Gateway Seminary,412751.49,1306.88
2016-2017,Jan,2017,Midwestern Seminary,508556.7,978.42
2016-2017,Jan,2017,New Orleans Seminary,732436.63,1841.8
2016-2017,Jan,2017,Southeastern Seminary,800300.57,1966.73
2016-2017,Jan,2017,Southern Seminary,968624.6,9207.83
2016-2017,Jan,2017,Southwestern Seminary,781229.66,2973.21
2016-2017,Jan,2017,Historical Library and Archives,46028.09,80.55
2016-2017,Jan,2017,Ethics & Religious Liberty Comm,316443.18,10089.31
2016-2017,Jan,2017,GuideStone Financial Resources,0.0,7233.01
2016-2017,Jan,2017,Executive Committee and SBC Operating,573433.39,21463.51
2016-2017,Jan,2017,Miscellaneous,0.0,0.0
2016-2017,Feb,2017,International Mission Board,8879900.55,48258681.12
2016-2017,Feb,2017,North American Mission Board,4014539.44,2428289.6
2016-2017,Feb,2017,Gateway Seminary,379112.64,718.06
2016-2017,Feb,2017,Midwestern Seminary,467109.82,764.38
2016-2017,Feb,2017,New Orleans Seminary,672743.74,839.19
2016-2017,Feb,2017,Southeastern Seminary,735076.85,1605.48
2016-2017,Feb,2017,Southern Seminary,889682.63,2588.13
2016-2017,Feb,2017,Southwestern Seminary,717560.19,1987.33
2016-2017,Feb,2017,Historical Library and Archives,42276.85,23.11
2016-2017,Feb,2017,Ethics & Religious Liberty Comm,290653.36,293.18
2016-2017,Feb,2017,GuideStone Financial Resources,0.0,476.01
2016-2017,Feb,2017,Executive Committee and SBC Operating,526699.12,20081.99
2016-2017,Feb,2017,Miscellaneous,0.0,0.0
2016-2017,Mar,2017,International Mission Board,7950824.75,25451150.51
2016-2017,Mar,2017,North American Mission Board,3594510.95,1643303.93
2016-2017,Mar,2017,Gateway Seminary,339447.29,2611.46
2016-2017,Mar,2017,Midwestern Seminary,418237.6,2709.94
2016-2017,Mar,2017,New Orleans Seminary,602356.7,3119.38
2016-2017,Mar,2017,Southeastern Seminary,658168.1,3802.99
2016-2017,Mar,2017,Southern Seminary,796597.96,4522.31
2016-2017,Mar,2017,Southwestern Seminary,642484.15,3653.03
2016-2017,Mar,2017,Historical Library and Archives,37853.55,68.78
2016-2017,Mar,2017,Ethics & Religious Liberty Comm,260243.22,718.33
2016-2017,Mar,2017,GuideStone Financial Resources,0.0,210.42
2016-2017,Mar,2017,Executive Committee and SBC Operating,471592.26,18577.87
2016-2017,Mar,2017,Miscellaneous,0.0,0.0
2016-2017,Apr,2017,International Mission Board,8325148.12,11383595.02
2016-2017,Apr,2017,North American Mission Board,3763739.83,3686014.82
2016-2017,Apr,2017,Gateway Seminary,355428.4,1080.31
2016-2017,Apr,2017,Midwestern Seminary,437928.15,1035.19
2016-2017,Apr,2017,New Orleans Seminary,630715.54,1585.67
2016-2017,Apr,2017,Southeastern Seminary,689154.52,2317.59
2016-2017,Apr,2017,Southern Seminary,834101.64,8670.0
2016-2017,Apr,2017,Southwestern Seminary,672732.18,2055.85
2016-2017,Apr,2017,Historical Library and Archives,39635.7,50.67
2016-2017,Apr,2017,Ethics & Religious Liberty Comm,272495.43,1061.93
2016-2017,Apr,2017,GuideStone Financial Resources,0.0,12714.57
2016-2017,Apr,2017,Executive Committee and SBC Operating,493794.74,27471.77
2016-2017,Apr,2017,Miscellaneous,0.0,0.0
2016-2017,May,2017,International Mission Board,7923936.46,4985122.18
2016-2017,May,2017,North American Mission Board,3582354.93,10583008.81
2016-2017,May,2017,Gateway Seminary,338299.34,1041.77
2016-2017,May,2017,Midwestern Seminary,416823.2,1188.67
2016-2017,May,2017,New Orleans Seminary,600319.64,1312.19
2016-2017,May,2017,Southeastern Seminary,655942.28,1446.08
2016-2017,May,2017,Southern Seminary,793904.01,3910.78
2016-2017,May,2017,Southwestern Seminary,640311.37,2060.54
2016-2017,May,2017,Historical Library and Archives,37725.54,72.34
2016-2017,May,2017,Ethics & Religious Liberty Comm,259363.12,754.02
2016-2017,May,2017,GuideStone Financial Resources,0.0,749.74
2016-2017,May,2017,Executive Committee and SBC Operating,469997.43,16395.14
2016-2017,May,2017,Miscellaneous,0.0,0.0
2016-2017,Jun,2017,International Mission Board,9886199.07,3705220.98
2016-2017,Jun,2017,North American Mission Board,4469479.79,22075312.74
2016-2017,Jun,2017,Gateway Seminary,422074.89,1983.08
2016-2017,Jun,2017,Midwestern Seminary,520044.19,1876.76
2016-2017,Jun,2017,New Orleans Seminary,748981.19,3173.77
2016-2017,Jun,2017,Southeastern Seminary,818378.08,7477.14
2016-2017,Jun,2017,Southern Seminary,990504.28,5526.43
2016-2017,Jun,2017,Southwestern Seminary,798876.38,9243.03
2016-2017,Jun,2017,Historical Library and Archives,47067.81,373.79
2016-2017,Jun,2017,Ethics & Religious Liberty Comm,323591.13,2049.14
2016-2017,Jun,2017,GuideStone Financial Resources,0.0,2111.04
2016-2017,Jun,2017,Executive Committee and SBC Operating,586386.33,16224.04
2016-2017,Jun,2017,Miscellaneous,0.0,0.0
2016-2017,Jul,2017,International Mission Board,7717760.81,2364009.39
2016-2017,Jul,2017,North American Mission Board,3489144.4,7242804.65
2016-2017,Jul,2017,Gateway Seminary,329497.02,1529.86
2016-2017,Jul,2017,Midwestern Seminary,405977.74,1803.26
2016-2017,Jul,2017,New Orleans Seminary,584699.72,2236.01
2016-2017,Jul,2017,Southeastern Seminary,638875.09,2605.99
2016-2017,Jul,2017,Southern Seminary,773247.14,6074.84
2016-2017,Jul,2017,Southwestern Seminary,623650.89,3382.34
2016-2017,Jul,2017,Historical Library and Archives,36743.95,253.37
2016-2017,Jul,2017,Ethics & Religious Liberty Comm,252614.66,791.05
2016-2017,Jul,2017,GuideStone Financial Resources,0.0,897.79
2016-2017,Jul,2017,Executive Committee and SBC Operating,457768.4,18880.02
2016-2017,Jul,2017,Miscellaneous,0.0,0.0
2016-2017,Aug,2017,International Mission Board,7576765.04,2402490.69
2016-2017,Aug,2017,North American Mission Board,3425401.21,3125735.87
2016-2017,Aug,2017,Gateway Seminary,323477.43,995.33
2016-2017,Aug,2017,Midwestern Seminary,398560.93,925.25
2016-2017,Aug,2017,New Orleans Seminary,574017.83,1276.66
2016-2017,Aug,2017,Southeastern Seminary,627203.47,1727.68
2016-2017,Aug,2017,Southern Seminary,759120.68,3108.22
2016-2017,Aug,2017,Southwestern Seminary,612257.4,1817.8
2016-2017,Aug,2017,Historical Library and Archives,36072.68,52.71
2016-2017,Aug,2017,Ethics & Religious Liberty Comm,247999.65,2127.6
2016-2017,Aug,2017,GuideStone Financial Resources,0.0,3694.8
2016-2017,Aug,2017,Executive Committee and SBC Operating,449405.43,16984.05
2016-2017,Aug,2017,Miscellaneous,0.0,0.0
2016-2017,Sep,2017,International Mission Board,7785076.41,2592587.97
2016-2017,Sep,2017,North American Mission Board,3501181.31,1923702.27
2016-2017,Sep,2017,NAMB - Disaster Relief,1250000.0,0.0
2016-2017,Sep,2017,Gateway Seminary,330483.96,1193.5
2016-2017,Sep,2017,Midwestern Seminary,407259.69,1156.63
2016-2017,Sep,2017,New Orleans Seminary,586780.57,1649.31
2016-2017,Sep,2017,Southeastern Seminary,640876.87,6659.89
2016-2017,Sep,2017,Southern Seminary,776562.4,4882.02
2016-2017,Sep,2017,Southwestern Seminary,625561.5,7003.94
2016-2017,Sep,2017,Historical Library and Archives,36870.7,46.54
2016-2017,Sep,2017,Ethics & Religious Liberty Comm,253486.14,478.75
2016-2017,Sep,2017,GuideStone Financial Resources,0.0,3419.72
2016-2017,Sep,2017,Executive Committee and SBC Operating,418656.91,17687.39
2016-2017,Sep,2017,Miscellaneous,0.0,0.0
2015-2016,Oct,2015,International Mission Board,8090018.56,2192753.41
2015-2016,Oct,2015,North American Mission Board,3657439.45,1152906.73
2015-2016,Oct,2015,Southwestern Seminary,676635.53,3375.94
2015-2016,Oct,2015,Southern Seminary,797794.97,3611.62
2015-2016,Oct,2015,New Orleans Seminary,622936.93,2263.76
2015-2016,Oct,2015,Southeastern Seminary,687020.63,3709.84
2015-2016,Oct,2015,Golden Gate Seminary,335662.89,1964.82
2015-2016,Oct,2015,Midwestern Seminary,397767.09,1846.2
2015-2016,Oct,2015,Historical Library and Archives,38516.26,50.54
2015-2016,Oct,2015,Ethics & Religious Liberty Comm,264799.26,784.69
2015-2016,Oct,2015,GuideStone Financial Resources,0.0,2668.21
2015-2016,Oct,2015,SBC Operating,479848.35,30823.87
2015-2016,Oct,2015,Miscellaneous,0.0,0.0
2015-2016,Nov,2015,International Mission Board,7946979.89,2653758.79
2015-2016,Nov,2015,North American Mission Board,3592772.71,1131960.71
2015-2016,Nov,2015,Southwestern Seminary,664672.02,1980.73
2015-2016,Nov,2015,Southern Seminary,783689.26,4143.45
2015-2016,Nov,2015,New Orleans Seminary,611922.86,2241.87
2015-2016,Nov,2015,Southeastern Seminary,674873.51,1495.04
2015-2016,Nov,2015,Golden Gate Seminary,329728.07,985.13
2015-2016,Nov,2015,Midwestern Seminary,390734.21,901.2
2015-2016,Nov,2015,Historical Library and Archives,37835.25,44.42
2015-2016,Nov,2015,Ethics & Religious Liberty Comm,260117.38,674.88
2015-2016,Nov,2015,GuideStone Financial Resources,0.0,680.64
2015-2016,Nov,2015,SBC Operating,471364.21,30024.6
2015-2016,Nov,2015,Miscellaneous,0.0,0.0
2015-2016,Dec,2015,International Mission Board,7031642.11,2791368.74
2015-2016,Dec,2015,North American Mission Board,3178955.05,892404.34
2015-2016,Dec,2015,Southwestern Seminary,588114.7,3027.57
2015-2016,Dec,2015,Southern Seminary,693423.47,3046.32
2015-2016,Dec,2015,New Orleans Seminary,541441.24,2859.71
2015-2016,Dec,2015,Southeastern Seminary,597141.18,7852.27
2015-2016,Dec,2015,Golden Gate Seminary,291749.8,1866.58
2015-2016,Dec,2015,Midwestern Seminary,345729.2,1803.12
2015-2016,Dec,2015,Historical Library and Archives,33477.37,37.65
2015-2016,Dec,2015,Ethics & Religious Liberty Comm,230156.91,593.61
2015-2016,Dec,2015,GuideStone Financial Resources,0.0,3514.25
2015-2016,Dec,2015,SBC Operating,417072.21,40440.93
2015-2016,Dec,2015,Miscellaneous,0.0,0.0
2015-2016,Jan,2016,International Mission Board,10171058.92,28996480.53
2015-2016,Jan,2016,North American Mission Board,4598262.92,2227347.76
2015-2016,Jan,2016,Southwestern Seminary,850690.25,3250.83
2015-2016,Jan,2016,Southern Seminary,1003016.19,3414.09
2015-2016,Jan,2016,New Orleans Seminary,783178.45,1712.98
2015-2016,Jan,2016,Southeastern Seminary,863746.77,4147.8
2015-2016,Jan,2016,Golden Gate Seminary,422007.31,1284.79
2015-2016,Jan,2016,Midwestern Seminary,500086.93,1059.95
2015-2016,Jan,2016,Historical Library and Archives,48424.01,72.28
2015-2016,Jan,2016,Ethics & Religious Liberty Comm,332915.05,1363.13
2015-2016,Jan,2016,GuideStone Financial Resources,0.0,5685.82
2015-2016,Jan,2016,SBC Operating,603282.41,30244.77
2015-2016,Jan,2016,Miscellaneous,0.0,0.0
2015-2016,Feb,2016,International Mission Board,8748583.82,52559530.04
2015-2016,Feb,2016,North American Mission Board,3955172.1,2566539.19
2015-2016,Feb,2016,Southwestern Seminary,731716.82,2003.14
2015-2016,Feb,2016,Southern Seminary,862739.2,3244.08
2015-2016,Feb,2016,New Orleans Seminary,673646.91,1135.66
2015-2016,Feb,2016,Southeastern Seminary,742947.31,3612.19
2015-2016,Feb,2016,Golden Gate Seminary,362987.41,1072.59
2015-2016,Feb,2016,Midwestern Seminary,430147.18,1194.96
2015-2016,Feb,2016,Historical Library and Archives,41651.67,51.18
2015-2016,Feb,2016,Ethics & Religious Liberty Comm,286355.16,353.27
2015-2016,Feb,2016,GuideStone Financial Resources,0.0,1016.42
2015-2016,Feb,2016,SBC Operating,518910.25,21374.5
2015-2016,Feb,2016,Miscellaneous,0.0,0.0
2015-2016,Mar,2016,International Mission Board,8076829.6,30028730.87
2015-2016,Mar,2016,North American Mission Board,3651476.82,1626677.0
2015-2016,Mar,2016,Southwestern Seminary,675532.43,3354.26
2015-2016,Mar,2016,Southern Seminary,796494.35,4080.74
2015-2016,Mar,2016,New Orleans Seminary,621921.37,2438.05
2015-2016,Mar,2016,Southeastern Seminary,685900.59,4283.52
2015-2016,Mar,2016,Golden Gate Seminary,335115.66,2237.96
2015-2016,Mar,2016,Midwestern Seminary,397118.61,2058.73
2015-2016,Mar,2016,Historical Library and Archives,38453.47,51.86
2015-2016,Mar,2016,Ethics & Religious Liberty Comm,264367.56,943.09
2015-2016,Mar,2016,GuideStone Financial Resources,0.0,1185.05
2015-2016,Mar,2016,SBC Operating,479066.06,35098.91
2015-2016,Mar,2016,Miscellaneous,0.0,0.0
2015-2016,Apr,2016,International Mission Board,8312996.27,9427810.63
2015-2016,Apr,2016,North American Mission Board,3758246.07,5248343.04
2015-2016,Apr,2016,Southwestern Seminary,695285.0,1794.96
2015-2016,Apr,2016,Southern Seminary,819783.84,3176.91
2015-2016,Apr,2016,New Orleans Seminary,640106.36,881.99
2015-2016,Apr,2016,Southeastern Seminary,705956.35,2335.36
2015-2016,Apr,2016,Golden Gate Seminary,344914.45,784.73
2015-2016,Apr,2016,Midwestern Seminary,408730.36,586.7
2015-2016,Apr,2016,Historical Library and Archives,39577.84,30.55
2015-2016,Apr,2016,Ethics & Religious Liberty Comm,272097.68,1330.11
2015-2016,Apr,2016,GuideStone Financial Resources,0.0,885.41
2015-2016,Apr,2016,SBC Operating,493073.97,21062.24
2015-2016,Apr,2016,Miscellaneous,0.0,0.0
2015-2016,May,2016,International Mission Board,8141364.52,4811208.61
2015-2016,May,2016,North American Mission Board,3680652.6,21832964.89
2015-2016,May,2016,Southwestern Seminary,680930.03,1996.18
2015-2016,May,2016,Southern Seminary,802858.45,2719.28
2015-2016,May,2016,New Orleans Seminary,626890.61,1351.71
2015-2016,May,2016,Southeastern Seminary,691381.03,2671.08
2015-2016,May,2016,Golden Gate Seminary,337793.28,1061.09
2015-2016,May,2016,Midwestern Seminary,400291.65,901.24
2015-2016,May,2016,Historical Library and Archives,38760.71,58.12
2015-2016,May,2016,Ethics & Religious Liberty Comm,266479.9,599.28
2015-2016,May,2016,GuideStone Financial Resources,0.0,624.53
2015-2016,May,2016,SBC Operating,482893.87,27267.01
2015-2016,May,2016,Miscellaneous,0.0,0.0
2015-2016,Jun,2016,International Mission Board,7672899.06,3972472.95
2015-2016,Jun,2016,North American Mission Board,3468862.7,13391120.27
2015-2016,Jun,2016,Southwestern Seminary,641748.34,3003.38
2015-2016,Jun,2016,Southern Seminary,756660.84,5050.31
2015-2016,Jun,2016,New Orleans Seminary,590818.44,2209.99
2015-2016,Jun,2016,Southeastern Seminary,651598.01,4044.41
2015-2016,Jun,2016,Golden Gate Seminary,318356.18,1948.05
2015-2016,Jun,2016,Midwestern Seminary,377258.29,1744.2
2015-2016,Jun,2016,Historical Library and Archives,36530.36,52.14
2015-2016,Jun,2016,Ethics & Religious Liberty Comm,251146.27,697.3
2015-2016,Jun,2016,GuideStone Financial Resources,0.0,1759.1
2015-2016,Jun,2016,SBC Operating,455107.47,23739.19
2015-2016,Jun,2016,Miscellaneous,0.0,0.0
2015-2016,Jul,2016,International Mission Board,8287090.62,2780223.71
2015-2016,Jul,2016,North American Mission Board,3746534.32,4308903.71
2015-2016,Jul,2016,Southwestern Seminary,693118.3,2555.66
2015-2016,Jul,2016,Southern Seminary,817229.17,6057.99
2015-2016,Jul,2016,New Orleans Seminary,638111.61,1571.0
2015-2016,Jul,2016,Southeastern Seminary,703756.39,4026.65
2015-2016,Jul,2016,Gateway Seminary,343839.61,1120.14
2015-2016,Jul,2016,Midwestern Seminary,407456.64,1121.06
2015-2016,Jul,2016,Historical Library and Archives,39454.5,42.56
2015-2016,Jul,2016,Ethics & Religious Liberty Comm,271249.74,2745.53
2015-2016,Jul,2016,GuideStone Financial Resources,0.0,1095.12
2015-2016,Jul,2016,SBC Operating,491537.4,22694.64
2015-2016,Jul,2016,Miscellaneous,0.0,0.0
2015-2016,Aug,2016,International Mission Board,7835605.48,2724593.52
2015-2016,Aug,2016,North American Mission Board,3542421.12,2174892.98
2015-2016,Aug,2016,Southwestern Seminary,655356.85,2404.45
2015-2016,Aug,2016,Southern Seminary,772706.09,2777.66
2015-2016,Aug,2016,New Orleans Seminary,603346.95,1218.63
2015-2016,Aug,2016,Southeastern Seminary,665415.36,2977.38
2015-2016,Aug,2016,Gateway Seminary,325107.03,908.48
2015-2016,Aug,2016,Midwestern Seminary,385258.18,834.87
2015-2016,Aug,2016,Historical Library and Archives,37304.99,47.82
2015-2016,Aug,2016,Ethics & Religious Liberty Comm,256471.91,899.51
2015-2016,Aug,2016,GuideStone Financial Resources,0.0,4807.85
2015-2016,Aug,2016,SBC Operating,464758.2,18211.89
2015-2016,Aug,2016,Miscellaneous,0.0,0.0
2015-2016,Sep,2016,International Mission Board,8407140.25,2765563.87
2015-2016,Sep,2016,North American Mission Board,3776186.92,1876810.92
2015-2016,Sep,2016,Gateway Seminary,346416.91,1751.35
2015-2016,Sep,2016,Midwestern Seminary,410816.26,1631.35
2015-2016,Sep,2016,New Orleans Seminary,643013.97,2051.01
2015-2016,Sep,2016,Southeastern Seminary,709241.62,2448.82
2015-2016,Sep,2016,Southern Seminary,823589.43,4119.13
2015-2016,Sep,2016,Southwestern Seminary,698954.18,2986.17
2015-2016,Sep,2016,Historical Library and Archives,39766.78,45.94
2015-2016,Sep,2016,Ethics & Religious Liberty Comm,273396.59,732.29
2015-2016,Sep,2016,GuideStone Financial Resources,0.0,2477.19
2015-2016,Sep,2016,Executive Committee and SBC Operating,440967.78,21289.96
2015-2016,Sep,2016,Miscellaneous,0.0,0.0
2014-2015,Oct,2014,International Mission Board,8075269.06,2115993.93
2014-2015,Oct,2014,North American Mission Board,3650771.32,1232805.41
2014-2015,Oct,2014,Southwestern Seminary,702600.25,3506.58
2014-2015,Oct,2014,Southern Seminary,779383.26,6289.48
2014-2015,Oct,2014,New Orleans Seminary,618321.98,2874.62
2014-2015,Oct,2014,Southeastern Seminary,683749.67,2493.95
2014-2015,Oct,2014,Golden Gate Seminary,330801.11,2732.13
2014-2015,Oct,2014,Midwestern Seminary,396548.17,2743.7
2014-2015,Oct,2014,Historical Library and Archives,38446.04,78.23
2014-2015,Oct,2014,Ethics & Religious Liberty Comm,264316.48,956.04
2014-2015,Oct,2014,GuideStone Financial Resources,0.0,1239.48
2014-2015,Oct,2014,SBC Operating,478973.51,31496.6
2014-2015,Oct,2014,Miscellaneous,0.0,0.0
2014-2015,Nov,2014,International Mission Board,8035443.77,2558279.32
2014-2015,Nov,2014,North American Mission Board,3632766.59,1307419.24
2014-2015,Nov,2014,Southwestern Seminary,699135.19,2397.83
2014-2015,Nov,2014,Southern Seminary,775539.53,4030.98
2014-2015,Nov,2014,New Orleans Seminary,615272.56,1734.39
2014-2015,Nov,2014,Southeastern Seminary,680377.6,3203.2
2014-2015,Nov,2014,Golden Gate Seminary,329169.69,1606.43
2014-2015,Nov,2014,Midwestern Seminary,394592.49,1619.07
2014-2015,Nov,2014,Historical Library and Archives,38256.43,40.68
2014-2015,Nov,2014,Ethics & Religious Liberty Comm,263012.93,677.11
2014-2015,Nov,2014,GuideStone Financial Resources,0.0,1461.78
2014-2015,Nov,2014,SBC Operating,476611.33,29751.56
2014-2015,Nov,2014,Miscellaneous,0.0,0.0
2014-2015,Dec,2014,International Mission Board,6671572.87,3035686.92
2014-2015,Dec,2014,North American Mission Board,3016170.3,1080650.23
2014-2015,Dec,2014,Southwestern Seminary,580469.66,3248.12
2014-2015,Dec,2014,Southern Seminary,643905.74,3320.89
2014-2015,Dec,2014,New Orleans Seminary,510841.18,2393.11
2014-2015,Dec,2014,Southeastern Seminary,564895.83,4451.75
2014-2015,Dec,2014,Golden Gate Seminary,273299.08,2288.19
2014-2015,Dec,2014,Midwestern Seminary,327617.57,2303.89
2014-2015,Dec,2014,Historical Library and Archives,31763.08,37.76
2014-2015,Dec,2014,Ethics & Religious Liberty Comm,218371.26,678.08
2014-2015,Dec,2014,GuideStone Financial Resources,0.0,3413.87
2014-2015,Dec,2014,SBC Operating,395715.18,27303.36
2014-2015,Dec,2014,Miscellaneous,0.0,0.0
2014-2015,Jan,2015,International Mission Board,9834010.57,25804156.99
2014-2015,Jan,2015,North American Mission Board,4445885.74,2097960.72
2014-2015,Jan,2015,Southwestern Seminary,855622.05,3362.91
2014-2015,Jan,2015,Southern Seminary,949127.89,3150.45
2014-2015,Jan,2015,New Orleans Seminary,752988.51,1910.36
2014-2015,Jan,2015,Southeastern Seminary,832665.94,7341.16
2014-2015,Jan,2015,Golden Gate Seminary,402847.46,1886.5
2014-2015,Jan,2015,Midwestern Seminary,482913.81,1853.63
2014-2015,Jan,2015,Historical Library and Archives,46819.34,92.59
2014-2015,Jan,2015,Ethics & Religious Liberty Comm,321882.91,1214.19
2014-2015,Jan,2015,GuideStone Financial Resources,0.0,3491.45
2014-2015,Jan,2015,SBC Operating,583290.84,41260.86
2014-2015,Jan,2015,Miscellaneous,0.0,0.0
2014-2015,Feb,2015,International Mission Board,8769358.15,50957824.98
2014-2015,Feb,2015,North American Mission Board,3964564.03,2358695.28
2014-2015,Feb,2015,Southwestern Seminary,762990.46,9721.19
2014-2015,Feb,2015,Southern Seminary,846373.15,11591.74
2014-2015,Feb,2015,New Orleans Seminary,671468.26,7980.76
2014-2015,Feb,2015,Southeastern Seminary,742519.63,11119.66
2014-2015,Feb,2015,Golden Gate Seminary,359234.27,5131.88
2014-2015,Feb,2015,Midwestern Seminary,430632.46,5809.09
2014-2015,Feb,2015,Historical Library and Archives,41750.58,440.42
2014-2015,Feb,2015,Ethics & Religious Liberty Comm,287035.13,3205.05
2014-2015,Feb,2015,GuideStone Financial Resources,0.0,2621.69
2014-2015,Feb,2015,SBC Operating,520142.45,32985.82
2014-2015,Feb,2015,Miscellaneous,0.0,0.0
2014-2015,Mar,2015,International Mission Board,7177869.85,24900825.83
2014-2015,Mar,2015,North American Mission Board,3245063.56,1295097.52
2014-2015,Mar,2015,Southwestern Seminary,624520.76,3998.38
2014-2015,Mar,2015,Southern Seminary,692770.91,4514.77
2014-2015,Mar,2015,New Orleans Seminary,549608.27,3008.44
2014-2015,Mar,2015,Southeastern Seminary,607765.03,4390.23
2014-2015,Mar,2015,Golden Gate Seminary,294039.41,2770.94
2014-2015,Mar,2015,Midwestern Seminary,352480.04,2782.65
2014-2015,Mar,2015,Historical Library and Archives,34173.55,29.23
2014-2015,Mar,2015,Ethics & Religious Liberty Comm,234943.16,648.94
2014-2015,Mar,2015,GuideStone Financial Resources,0.0,822.54
2014-2015,Mar,2015,SBC Operating,425745.5,32433.41
2014-2015,Mar,2015,Miscellaneous,0.0,0.0
2014-2015,Apr,2015,International Mission Board,7486450.92,9791502.65
2014-2015,Apr,2015,North American Mission Board,3384570.85,3348437.62
2014-2015,Apr,2015,Southwestern Seminary,651369.29,9579.69
2014-2015,Apr,2015,Southern Seminary,722553.56,11235.1
2014-2015,Apr,2015,New Orleans Seminary,573236.27,7888.94
2014-2015,Apr,2015,Southeastern Seminary,633893.24,9329.98
2014-2015,Apr,2015,Golden Gate Seminary,306680.35,5216.75
2014-2015,Apr,2015,Midwestern Seminary,367633.39,5893.71
2014-2015,Apr,2015,Historical Library and Archives,35642.69,420.04
2014-2015,Apr,2015,Ethics & Religious Liberty Comm,245043.52,3484.78
2014-2015,Apr,2015,GuideStone Financial Resources,0.0,1534.11
2014-2015,Apr,2015,SBC Operating,444048.57,40807.74
2014-2015,Apr,2015,Miscellaneous,0.0,0.0
2014-2015,May,2015,International Mission Board,8752895.53,5882058.13
2014-2015,May,2015,North American Mission Board,3957121.39,18132777.45
2014-2015,May,2015,Southwestern Seminary,761558.11,2621.78
2014-2015,May,2015,Southern Seminary,844784.26,4517.95
2014-2015,May,2015,New Orleans Seminary,670207.73,1665.47
2014-2015,May,2015,Southeastern Seminary,741125.72,2480.52
2014-2015,May,2015,Golden Gate Seminary,358559.89,1329.68
2014-2015,May,2015,Midwestern Seminary,429824.04,1342.02
2014-2015,May,2015,Historical Library and Archives,41672.18,38.62
2014-2015,May,2015,Ethics & Religious Liberty Comm,286496.29,678.71
2014-2015,May,2015,GuideStone Financial Resources,0.0,1556.42
2014-2015,May,2015,SBC Operating,519166.0,33897.17
2014-2015,May,2015,Miscellaneous,0.0,0.0
2014-2015,Jun,2015,International Mission Board,7309263.14,2842909.89
2014-2015,Jun,2015,North American Mission Board,3304465.53,17002806.9
2014-2015,Jun,2015,Southwestern Seminary,635952.82,2644.16
2014-2015,Jun,2015,Southern Seminary,705452.31,5968.97
2014-2015,Jun,2015,New Orleans Seminary,559669.03,1954.5
2014-2015,Jun,2015,Southeastern Seminary,618890.37,5082.75
2014-2015,Jun,2015,Golden Gate Seminary,299421.9,1936.05
2014-2015,Jun,2015,Midwestern Seminary,358932.31,1940.28
2014-2015,Jun,2015,Historical Library and Archives,34799.1,16.63
2014-2015,Jun,2015,Ethics & Religious Liberty Comm,239243.88,684.74
2014-2015,Jun,2015,GuideStone Financial Resources,0.0,3200.64
2014-2015,Jun,2015,SBC Operating,433538.92,30218.24
2014-2015,Jun,2015,Miscellaneous,0.0,0.0
2014-2015,Jul,2015,International Mission Board,7968949.35,3256755.25
2014-2015,Jul,2015,North American Mission Board,3602704.94,5985310.66
2014-2015,Jul,2015,Southwestern Seminary,693349.75,4691.35
2014-2015,Jul,2015,Southern Seminary,769121.83,5422.74
2014-2015,Jul,2015,New Orleans Seminary,610181.1,3292.71
2014-2015,Jul,2015,Southeastern Seminary,674747.37,4194.31
2014-2015,Jul,2015,Golden Gate Seminary,326445.75,2081.45
2014-2015,Jul,2015,Midwestern Seminary,391327.19,1690.03
2014-2015,Jul,2015,Historical Library and Archives,37939.85,101.45
2014-2015,Jul,2015,Ethics & Religious Liberty Comm,260836.47,1228.64
2014-2015,Jul,2015,GuideStone Financial Resources,0.0,864.82
2014-2015,Jul,2015,SBC Operating,472667.3,38182.13
2014-2015,Aug,2015,International Mission Board,7771818.87,2591802.94
2014-2015,Aug,2015,North American Mission Board,3513583.67,2818478.15
2014-2015,Aug,2015,Southwestern Seminary,676198.14,17430.1
2014-2015,Aug,2015,Southern Seminary,750095.82,21498.48
2014-2015,Aug,2015,New Orleans Seminary,595086.85,14939.49
2014-2015,Aug,2015,Southeastern Seminary,658055.92,16910.09
2014-2015,Aug,2015,Golden Gate Seminary,318370.36,8390.24
2014-2015,Aug,2015,Midwestern Seminary,381646.81,9349.1
2014-2015,Aug,2015,Historical Library and Archives,37001.32,861.92
2014-2015,Aug,2015,Ethics & Religious Liberty Comm,254384.07,6482.77
2014-2015,Aug,2015,GuideStone Financial Resources,0.0,3683.84
2014-2015,Aug,2015,SBC Operating,460974.78,41300.62
2014-2015,Sep,2015,International Mission Board,7509615.92,2124767.74
2014-2015,Sep,2015,North American Mission Board,3391948.83,1682404.67
2014-2015,Sep,2015,Southwestern Seminary,652719.67,3075.08
2014-2015,Sep,2015,Southern Seminary,724183.03,3178.19
2014-2015,Sep,2015,New Orleans Seminary,574487.2,1962.23
2014-2015,Sep,2015,Southeastern Seminary,635294.55,3109.97
2014-2015,Sep,2015,Golden Gate Seminary,307406.51,1535.5
2014-2015,Sep,2015,Midwestern Seminary,368371.46,1383.23
2014-2015,Sep,2015,Historical Library and Archives,35720.4,41.27
2014-2015,Sep,2015,Ethics & Religious Liberty Comm,245577.68,752.73
2014-2015,Sep,2015,GuideStone Financial Resources,0.0,2449.43
2014-2015,Sep,2015,SBC Operating,438171.17,26810.32
2014-2015,Sep,2015,Miscellaneous,0.0,0.0
2013-2014,Oct,2013,International Mission Board,6861523.94,1930512.04
2013-2014,Oct,2013,North American Mission Board,3102045.85,1179137.66
2013-2014,Oct,2013,Southwestern Seminary,625240.26,3102.74
2013-2014,Oct,2013,Southern Seminary,653677.79,3124.21
2013-2014,Oct,2013,New Orleans Seminary,517656.2,2212.11
2013-2014,Oct,2013,Southeastern Seminary,569453.23,1575.98
2013-2014,Oct,2013,Golden Gate Seminary,285826.89,2056.88
2013-2014,Oct,2013,Midwestern Seminary,331771.99,2076.48
2013-2014,Oct,2013,Historical Library and Archives,32667.44,65.68
2013-2014,Oct,2013,Ethics & Religious Liberty Comm,224588.67,641.32
2013-2014,Oct,2013,GuideStone Financial Resources,0.0,1855.3
2013-2014,Oct,2013,SBC Operating,406981.88,77872.84
2013-2014,Oct,2013,Miscellaneous,0.0,0.0
2013-2014,Nov,2013,International Mission Board,8286808.83,2473905.29
2013-2014,Nov,2013,North American Mission Board,3746406.91,1122660.96
2013-2014,Nov,2013,Southwestern Seminary,755116.01,4214.12
2013-2014,Nov,2013,Southern Seminary,789460.61,5104.01
2013-2014,Nov,2013,New Orleans Seminary,625184.43,3598.33
2013-2014,Nov,2013,Southeastern Seminary,687740.79,3094.65
2013-2014,Nov,2013,Golden Gate Seminary,345199.23,2398.2
2013-2014,Nov,2013,Midwestern Seminary,400688.1,2438.91
2013-2014,Nov,2013,Historical Library and Archives,39453.16,64.96
2013-2014,Nov,2013,Ethics & Religious Liberty Comm,271240.51,859.93
2013-2014,Nov,2013,GuideStone Financial Resources,0.0,1827.01
2013-2014,Nov,2013,SBC Operating,491520.68,83246.33
2013-2014,Nov,2013,Miscellaneous,0.0,0.0
2013-2014,Dec,2013,International Mission Board,6946267.17,3052232.51
2013-2014,Dec,2013,North American Mission Board,3140357.67,1010298.86
2013-2014,Dec,2013,Southwestern Seminary,632962.3,3472.74
2013-2014,Dec,2013,Southern Seminary,661751.04,2971.45
2013-2014,Dec,2013,New Orleans Seminary,524049.53,2672.6
2013-2014,Dec,2013,Southeastern Seminary,576486.26,2557.36
2013-2014,Dec,2013,Golden Gate Seminary,289357.01,1864.82
2013-2014,Dec,2013,Midwestern Seminary,335869.55,1921.95
2013-2014,Dec,2013,Historical Library and Archives,33070.91,42.44
2013-2014,Dec,2013,Ethics & Religious Liberty Comm,227362.45,648.66
2013-2014,Dec,2013,GuideStone Financial Resources,0.0,1628.03
2013-2014,Dec,2013,SBC Operating,412008.32,51704.9
2013-2014,Dec,2013,Miscellaneous,0.0,0.0
2013-2014,Jan,2014,International Mission Board,8975999.17,23965817.07
2013-2014,Jan,2014,North American Mission Board,4057984.94,1971501.69
2013-2014,Jan,2014,Southwestern Seminary,817916.86,2203.91
2013-2014,Jan,2014,Southern Seminary,855117.82,13334.15
2013-2014,Jan,2014,New Orleans Seminary,677179.24,1253.31
2013-2014,Jan,2014,Southeastern Seminary,744938.25,997.92
2013-2014,Jan,2014,Golden Gate Seminary,373908.48,1674.96
2013-2014,Jan,2014,Midwestern Seminary,434012.21,1687.92
2013-2014,Jan,2014,Historical Library and Archives,42734.38,78.74
2013-2014,Jan,2014,Ethics & Religious Liberty Comm,293798.82,595.26
2013-2014,Jan,2014,GuideStone Financial Resources,0.0,4902.58
2013-2014,Jan,2014,SBC Operating,532399.09,101961.61
2013-2014,Jan,2014,Miscellaneous,0.0,0.0
2013-2014,Feb,2014,International Mission Board,9119623.15,52419747.29
2013-2014,Feb,2014,North American Mission Board,4122916.33,2533089.28
2013-2014,Feb,2014,Southwestern Seminary,831004.25,2373.32
2013-2014,Feb,2014,Southern Seminary,868800.45,2769.33
2013-2014,Feb,2014,New Orleans Seminary,688014.73,1810.27
2013-2014,Feb,2014,Southeastern Seminary,756857.93,2132.19
2013-2014,Feb,2014,Golden Gate Seminary,379891.34,1592.18
2013-2014,Feb,2014,Midwestern Seminary,440956.78,1623.57
2013-2014,Feb,2014,Historical Library and Archives,43418.15,33.0
2013-2014,Feb,2014,Ethics & Religious Liberty Comm,298499.87,671.83
2013-2014,Feb,2014,GuideStone Financial Resources,0.0,1011.6
2013-2014,Feb,2014,SBC Operating,540917.93,118434.02
2013-2014,Feb,2014,Miscellaneous,0.0,0.0
2013-2014,Mar,2014,International Mission Board,7376161.94,24913683.45
2013-2014,Mar,2014,North American Mission Board,3334709.98,1507002.48
2013-2014,Mar,2014,Southwestern Seminary,672135.45,2474.75
2013-2014,Mar,2014,Southern Seminary,702705.89,6615.35
2013-2014,Mar,2014,New Orleans Seminary,556482.2,1638.27
2013-2014,Mar,2014,Southeastern Seminary,612164.17,1899.96
2013-2014,Mar,2014,Golden Gate Seminary,307264.89,1631.65
2013-2014,Mar,2014,Midwestern Seminary,356656.03,1640.15
2013-2014,Mar,2014,Historical Library and Archives,35117.61,45.77
2013-2014,Mar,2014,Ethics & Religious Liberty Comm,241433.59,4829.96
2013-2014,Mar,2014,GuideStone Financial Resources,0.0,1013.1
2013-2014,Mar,2014,SBC Operating,437506.92,71536.94
2013-2014,Mar,2014,Miscellaneous,0.0,0.0
2013-2014,Apr,2014,International Mission Board,7446173.27,9211919.99
2013-2014,Apr,2014,North American Mission Board,3366361.62,2705416.42
2013-2014,Apr,2014,Southwestern Seminary,678515.07,4449.32
2013-2014,Apr,2014,Southern Seminary,709375.66,10269.15
2013-2014,Apr,2014,New Orleans Seminary,561764.09,3383.77
2013-2014,Apr,2014,Southeastern Seminary,617974.58,6249.95
2013-2014,Apr,2014,Golden Gate Seminary,310181.32,3795.22
2013-2014,Apr,2014,Midwestern Seminary,360041.26,3843.51
2013-2014,Apr,2014,Historical Library and Archives,35450.93,78.32
2013-2014,Apr,2014,Ethics & Religious Liberty Comm,243725.18,940.8
2013-2014,Apr,2014,GuideStone Financial Resources,0.0,1086.85
2013-2014,Apr,2014,SBC Operating,441659.55,88751.19
2013-2014,Apr,2014,Miscellaneous,0.0,0.0
2013-2014,May,2014,International Mission Board,8462961.95,4893395.53
2013-2014,May,2014,North American Mission Board,3826044.48,12330395.44
2013-2014,May,2014,Southwestern Seminary,771167.54,2890.08
2013-2014,May,2014,Southern Seminary,806242.21,3614.98
2013-2014,May,2014,New Orleans Seminary,638474.02,1974.15
2013-2014,May,2014,Southeastern Seminary,702360.13,1668.36
2013-2014,May,2014,Golden Gate Seminary,352537.15,1541.01
2013-2014,May,2014,Midwestern Seminary,409205.55,1549.73
2013-2014,May,2014,Historical Library and Archives,40291.82,54.34
2013-2014,May,2014,Ethics & Religious Liberty Comm,277006.3,766.08
2013-2014,May,2014,GuideStone Financial Resources,0.0,1481.46
2013-2014,May,2014,SBC Operating,501968.97,110187.85
2013-2014,May,2014,Miscellaneous,0.0,0.0
2013-2014,Jun,2014,International Mission Board,7753027.01,4206660.02
2013-2014,Jun,2014,North American Mission Board,3505087.98,20961064.41
2013-2014,Jun,2014,Southwestern Seminary,706476.39,3409.04
2013-2014,Jun,2014,Southern Seminary,738608.74,4715.39
2013-2014,Jun,2014,New Orleans Seminary,584914.15,2778.53
2013-2014,Jun,2014,Southeastern Seminary,643441.06,3682.33
2013-2014,Jun,2014,Golden Gate Seminary,322963.77,2596.53
2013-2014,Jun,2014,Midwestern Seminary,374878.41,2614.47
2013-2014,Jun,2014,Historical Library and Archives,36911.85,49.76
2013-2014,Jun,2014,Ethics & Religious Liberty Comm,253768.98,677.8
2013-2014,Jun,2014,GuideStone Financial Resources,0.0,3067.55
2013-2014,Jun,2014,SBC Operating,459860.16,87530.95
2013-2014,Jun,2014,Miscellaneous,0.0,0.0
2013-2014,Jul,2014,International Mission Board,6359747.76,3387343.23
2013-2014,Jul,2014,North American Mission Board,2875196.41,7604112.37
2013-2014,Jul,2014,Southwestern Seminary,579517.08,3379.69
2013-2014,Jul,2014,Southern Seminary,605875.01,4414.76
2013-2014,Jul,2014,New Orleans Seminary,479800.53,2320.77
2013-2014,Jul,2014,Southeastern Seminary,527809.7,1582.46
2013-2014,Jul,2014,Golden Gate Seminary,264924.67,2037.49
2013-2014,Jul,2014,Midwestern Seminary,307509.84,2012.4
2013-2014,Jul,2014,Historical Library and Archives,30278.5,76.54
2013-2014,Jul,2014,Ethics & Religious Liberty Comm,208164.72,1117.52
2013-2014,Jul,2014,GuideStone Financial Resources,0.0,1575.35
2013-2014,Jul,2014,SBC Operating,377219.7,81609.27
2013-2014,Jul,2014,Miscellaneous,0.0,0.0
2013-2014,Aug,2014,International Mission Board,9037203.41,2540271.5
2013-2014,Aug,2014,North American Mission Board,4085654.94,3308757.54
2013-2014,Aug,2014,Southwestern Seminary,823493.95,2716.59
2013-2014,Aug,2014,Southern Seminary,860948.55,2726.09
2013-2014,Aug,2014,New Orleans Seminary,681796.7,1855.29
2013-2014,Aug,2014,Southeastern Seminary,750017.73,1876.57
2013-2014,Aug,2014,Golden Gate Seminary,376458.02,1829.61
2013-2014,Aug,2014,Midwestern Seminary,436971.58,1896.88
2013-2014,Aug,2014,Historical Library and Archives,43025.76,69.32
2013-2014,Aug,2014,Ethics & Religious Liberty Comm,295802.14,852.54
2013-2014,Aug,2014,GuideStone Financial Resources,0.0,2215.15
2013-2014,Aug,2014,SBC Operating,536029.32,78861.69
2013-2014,Aug,2014,Miscellaneous,0.0,0.0
2013-2014,Sep,2014,International Mission Board,7423234.96,2524731.55
2013-2014,Sep,2014,North American Mission Board,3355991.36,2172877.95
2013-2014,Sep,2014,Southwestern Seminary,676424.86,10530.09
2013-2014,Sep,2014,Southern Seminary,707190.41,13190.3
2013-2014,Sep,2014,New Orleans Seminary,560033.55,8179.46
2013-2014,Sep,2014,Southeastern Seminary,616070.87,8748.56
2013-2014,Sep,2014,Golden Gate Seminary,309225.79,5151.3
2013-2014,Sep,2014,Midwestern Seminary,358932.12,5750.29
2013-2014,Sep,2014,Historical Library and Archives,35341.72,480.39
2013-2014,Sep,2014,Ethics & Religious Liberty Comm,242974.36,3191.25
2013-2014,Sep,2014,GuideStone Financial Resources,0.0,2230.47
2013-2014,Sep,2014,SBC Operating,440299.01,-485927.51
2013-2014,Sep,2014,Miscellaneous,0.0,0.0
2012-2013,Oct,2012,International Mission Board,6828354.9,1928824.57
2012-2013,Oct,2012,North American Mission Board,3099964.32,1060322.84
2012-2013,Oct,2012,Southwestern Seminary,651700.69,3597.42
2012-2013,Oct,2012,Southern Seminary,648400.05,2993.96
2012-2013,Oct,2012,New Orleans Seminary,527296.81,1829.12
2012-2013,Oct,2012,Southeastern Seminary,557366.35,2050.48
2012-2013,Oct,2012,Golden Gate Seminary,290906.76,1842.99
2012-2013,Oct,2012,Midwestern Seminary,305953.66,1873.33
2012-2013,Oct,2012,Historical Library and Archives,32645.52,64.6
2012-2013,Oct,2012,Ethics & Religious Liberty Comm,224437.96,853.9
2012-2013,Oct,2012,GuideStone Financial Resources,0.0,1845.26
2012-2013,Oct,2012,SBC Operating,435273.62,50909.32
2012-2013,Oct,2012,Miscellaneous,0.0,0.0
2012-2013,Nov,2012,International Mission Board,8525827.94,2513577.69
2012-2013,Nov,2012,North American Mission Board,3870590.03,1133507.46
2012-2013,Nov,2012,Southwestern Seminary,813708.15,3362.39
2012-2013,Nov,2012,Southern Seminary,809586.98,4470.49
2012-2013,Nov,2012,New Orleans Seminary,658378.46,2414.93
2012-2013,Nov,2012,Southeastern Seminary,695923.06,2456.28
2012-2013,Nov,2012,Golden Gate Seminary,363223.8,2465.21
2012-2013,Nov,2012,Midwestern Seminary,382011.23,2487.79
2012-2013,Nov,2012,Historical Library and Archives,40760.93,44.44
2012-2013,Nov,2012,Ethics & Religious Liberty Comm,280231.4,686.16
2012-2013,Nov,2012,GuideStone Financial Resources,0.0,2083.11
2012-2013,Nov,2012,SBC Operating,543479.06,40769.19
2012-2013,Nov,2012,Miscellaneous,0.0,0.0
2012-2013,Dec,2012,International Mission Board,7245736.09,3348837.6
2012-2013,Dec,2012,North American Mission Board,3289448.72,1033274.74
2012-2013,Dec,2012,Southwestern Seminary,691535.71,3291.26
2012-2013,Dec,2012,Southern Seminary,688033.31,10811.68
2012-2013,Dec,2012,New Orleans Seminary,559527.65,1744.41
2012-2013,Dec,2012,Southeastern Seminary,591435.21,2374.25
2012-2013,Dec,2012,Golden Gate Seminary,308688.35,1256.01
2012-2013,Dec,2012,Midwestern Seminary,324654.98,1279.65
2012-2013,Dec,2012,Historical Library and Archives,34640.97,49.9
2012-2013,Dec,2012,Ethics & Religious Liberty Comm,238156.66,704.44
2012-2013,Dec,2012,GuideStone Financial Resources,0.0,1049.16
2012-2013,Dec,2012,SBC Operating,461879.6,23098.12
2012-2013,Dec,2012,Miscellaneous,0.0,0.0
2012-2013,Jan,2013,International Mission Board,9206506.56,26196990.34
2012-2013,Jan,2013,North American Mission Board,4179607.25,2023903.45
2012-2013,Jan,2013,Southwestern Seminary,878672.35,3590.04
2012-2013,Jan,2013,Southern Seminary,874222.17,2902.24
2012-2013,Jan,2013,New Orleans Seminary,710941.58,2099.29
2012-2013,Jan,2013,Southeastern Seminary,751483.63,1975.96
2012-2013,Jan,2013,Golden Gate Seminary,392222.59,1831.51
2012-2013,Jan,2013,Midwestern Seminary,412509.95,1841.48
2012-2013,Jan,2013,Historical Library and Archives,44015.17,52.58
2012-2013,Jan,2013,Ethics & Religious Liberty Comm,302604.3,440.19
2012-2013,Jan,2013,GuideStone Financial Resources,0.0,5868.2
2012-2013,Jan,2013,SBC Operating,586868.94,276676.06
2012-2013,Jan,2013,Miscellaneous,0.0,0.0
2012-2013,Feb,2013,International Mission Board,8756092.7,50312213.58
2012-2013,Feb,2013,North American Mission Board,3975126.54,2424427.1
2012-2013,Feb,2013,Southwestern Seminary,835684.69,2863.95
2012-2013,Feb,2013,Southern Seminary,831452.22,2398.69
2012-2013,Feb,2013,New Orleans Seminary,676159.87,2254.42
2012-2013,Feb,2013,Southeastern Seminary,714718.48,2348.24
2012-2013,Feb,2013,Golden Gate Seminary,373033.71,2058.03
2012-2013,Feb,2013,Midwestern Seminary,392328.54,2067.02
2012-2013,Feb,2013,Historical Library and Archives,41861.79,98.52
2012-2013,Feb,2013,Ethics & Religious Liberty Comm,287799.86,947.24
2012-2013,Feb,2013,GuideStone Financial Resources,0.0,3502.52
2012-2013,Feb,2013,SBC Operating,558157.3,53815.31
2012-2013,Feb,2013,Miscellaneous,0.0,0.0
2012-2013,Mar,2013,International Mission Board,7304213.31,24973266.72
2012-2013,Mar,2013,North American Mission Board,3315996.45,1348983.93
2012-2013,Mar,2013,Southwestern Seminary,697116.8,2638.06
2012-2013,Mar,2013,Southern Seminary,693586.12,7109.56
2012-2013,Mar,2013,New Orleans Seminary,564043.37,2025.2
2012-2013,Mar,2013,Southeastern Seminary,596208.42,4762.72
2012-2013,Mar,2013,Golden Gate Seminary,311179.64,1147.34
2012-2013,Mar,2013,Midwestern Seminary,327275.13,1197.6
2012-2013,Mar,2013,Historical Library and Archives,34920.54,43.04
2012-2013,Mar,2013,Ethics & Religious Liberty Comm,240078.74,1086.95
2012-2013,Mar,2013,GuideStone Financial Resources,0.0,1116.36
2012-2013,Mar,2013,SBC Operating,465607.22,50570.02
2012-2013,Mar,2013,Miscellaneous,0.0,0.0
2012-2013,Apr,2013,International Mission Board,7234770.45,9554787.16
2012-2013,Apr,2013,North American Mission Board,3284470.51,4498715.48
2012-2013,Apr,2013,Southwestern Seminary,690489.14,3063.94
2012-2013,Apr,2013,Southern Seminary,686992.04,5783.79
2012-2013,Apr,2013,New Orleans Seminary,558680.88,2222.81
2012-2013,Apr,2013,Southeastern Seminary,590540.13,1847.89
2012-2013,Apr,2013,Golden Gate Seminary,308221.19,1520.06
2012-2013,Apr,2013,Midwestern Seminary,324163.66,1546.21
2012-2013,Apr,2013,Historical Library and Archives,34588.55,60.55
2012-2013,Apr,2013,Ethics & Religious Liberty Comm,237796.24,682.13
2012-2013,Apr,2013,GuideStone Financial Resources,0.0,1783.6
2012-2013,Apr,2013,SBC Operating,461180.6,58262.03
2012-2013,Apr,2013,Miscellaneous,0.0,0.0
2012-2013,May,2013,International Mission Board,8553148.57,4525894.05
2012-2013,May,2013,North American Mission Board,3882993.14,22168567.63
2012-2013,May,2013,Southwestern Seminary,816315.63,5219.83
2012-2013,May,2013,Southern Seminary,812181.26,7196.21
2012-2013,May,2013,New Orleans Seminary,660488.2,4691.66
2012-2013,May,2013,Southeastern Seminary,698153.11,4156.31
2012-2013,May,2013,Golden Gate Seminary,364387.73,4331.46
2012-2013,May,2013,Midwestern Seminary,383235.36,4346.98
2012-2013,May,2013,Historical Library and Archives,40891.54,61.5
2012-2013,May,2013,Ethics & Religious Liberty Comm,281129.39,815.1
2012-2013,May,2013,GuideStone Financial Resources,0.0,4962.39
2012-2013,May,2013,SBC Operating,545220.64,52909.66
2012-2013,May,2013,Miscellaneous,0.0,0.0
2012-2013,Jun,2013,International Mission Board,7667076.25,4084017.07
2012-2013,Jun,2013,North American Mission Board,3480730.43,12746230.52
2012-2013,Jun,2013,Southwestern Seminary,731748.57,2783.25
2012-2013,Jun,2013,Southern Seminary,728042.49,2074.69
2012-2013,Jun,2013,New Orleans Seminary,592064.23,2278.82
2012-2013,Jun,2013,Southeastern Seminary,625827.21,2125.96
2012-2013,Jun,2013,Golden Gate Seminary,326638.61,1634.06
2012-2013,Jun,2013,Midwestern Seminary,343533.69,1647.78
2012-2013,Jun,2013,Historical Library and Archives,36655.34,40.55
2012-2013,Jun,2013,Ethics & Religious Liberty Comm,252005.49,557.09
2012-2013,Jun,2013,GuideStone Financial Resources,0.0,646.19
2012-2013,Jun,2013,SBC Operating,488737.93,37068.05
2012-2013,Jun,2013,Miscellaneous,0.0,0.0
2012-2013,Jul,2013,International Mission Board,7123234.93,1999410.66
2012-2013,Jul,2013,North American Mission Board,3233835.14,5285679.23
2012-2013,Jul,2013,Southwestern Seminary,679844.13,3899.09
2012-2013,Jul,2013,Southern Seminary,676400.95,3581.7
2012-2013,Jul,2013,New Orleans Seminary,550067.91,2790.14
2012-2013,Jul,2013,Southeastern Seminary,581436.02,2456.58
2012-2013,Jul,2013,Golden Gate Seminary,303469.46,2334.55
2012-2013,Jul,2013,Midwestern Seminary,319166.16,2334.66
2012-2013,Jul,2013,Historical Library and Archives,34055.31,79.66
2012-2013,Jul,2013,Ethics & Religious Liberty Comm,234130.23,992.32
2012-2013,Jul,2013,GuideStone Financial Resources,0.0,1876.62
2012-2013,Jul,2013,SBC Operating,454070.75,53437.48
2012-2013,Jul,2013,Miscellaneous,0.0,0.0
2012-2013,Aug,2013,International Mission Board,8198759.05,2344958.38
2012-2013,Aug,2013,North American Mission Board,3722105.95,2195478.37
2012-2013,Aug,2013,Southwestern Seminary,782492.56,2869.86
2012-2013,Aug,2013,Southern Seminary,778529.49,2376.95
2012-2013,Aug,2013,New Orleans Seminary,633121.67,2225.12
2012-2013,Aug,2013,Southeastern Seminary,669225.96,1663.99
2012-2013,Aug,2013,Golden Gate Seminary,349289.76,1311.51
2012-2013,Aug,2013,Midwestern Seminary,367356.46,1337.35
2012-2013,Aug,2013,Historical Library and Archives,39197.24,53.23
2012-2013,Aug,2013,Ethics & Religious Liberty Comm,269481.11,736.18
2012-2013,Aug,2013,GuideStone Financial Resources,0.0,3963.52
2012-2013,Aug,2013,SBC Operating,522630.06,40520.91
2012-2013,Aug,2013,Miscellaneous,0.0,0.0
2012-2013,Sep,2013,International Mission Board,7732929.81,2472656.54
2012-2013,Sep,2013,North American Mission Board,3510622.27,1900589.06
2012-2013,Sep,2013,Southwestern Seminary,738032.54,3571.9
2012-2013,Sep,2013,Southern Seminary,734294.82,5506.58
2012-2013,Sep,2013,New Orleans Seminary,597148.82,2995.49
2012-2013,Sep,2013,Southeastern Seminary,631201.72,2980.42
2012-2013,Sep,2013,Golden Gate Seminary,329443.73,2373.75
2012-2013,Sep,2013,Midwestern Seminary,346483.91,2389.19
2012-2013,Sep,2013,Historical Library and Archives,36970.14,41.82
2012-2013,Sep,2013,Ethics & Religious Liberty Comm,254169.67,811.04
2012-2013,Sep,2013,GuideStone Financial Resources,0.0,1023.82
2012-2013,Sep,2013,SBC Operating,492924.91,46228.08
2012-2013,Sep,2013,Miscellaneous,0.0,0.0
